0 verbose cli /opt/homebrew/Cellar/node/25.2.1/bin/node /opt/homebrew/bin/npm
1 info using npm@11.6.2
2 info using node@v25.2.1
3 silly config load:file:/opt/homebrew/lib/node_modules/npm/npmrc
4 silly config load:file:/Users/greg/Documents/Programming/AmalfiGuide/.npmrc
5 silly config load:file:/Users/greg/.npmrc
6 silly config load:file:/Users/greg/.npm-global/etc/npmrc
7 verbose title npm install
8 verbose argv "install" "--cache" "./.npm-cache"
9 verbose logfile logs-max:10 dir:/Users/greg/Documents/Programming/AmalfiGuide/.npm-cache/_logs/2025-11-24T10_07_53_479Z-
10 verbose logfile /Users/greg/Documents/Programming/AmalfiGuide/.npm-cache/_logs/2025-11-24T10_07_53_479Z-debug-0.log
11 silly logfile done cleaning log files
12 silly packumentCache heap:4496293888 maxSize:1124073472 maxEntrySize:562036736
13 silly idealTree buildDeps
14 silly fetch manifest framer-motion@^10.16.4
15 silly packumentCache full:https://registry.npmjs.org/framer-motion cache-miss
16 http fetch GET 200 https://registry.npmjs.org/npm 277ms
17 http fetch GET 200 https://registry.npmjs.org/framer-motion 282ms (cache miss)
18 silly packumentCache full:https://registry.npmjs.org/framer-motion set size:undefined disposed:false
19 silly fetch manifest react@^18.2.0
20 silly packumentCache full:https://registry.npmjs.org/react cache-miss
21 http fetch GET 200 https://registry.npmjs.org/react 314ms (cache miss)
22 silly packumentCache full:https://registry.npmjs.org/react set size:undefined disposed:false
23 silly fetch manifest react-dom@^18.2.0
24 silly packumentCache full:https://registry.npmjs.org/react-dom cache-miss
25 http fetch GET 200 https://registry.npmjs.org/react-dom 156ms (cache miss)
26 silly packumentCache full:https://registry.npmjs.org/react-dom set size:undefined disposed:false
27 silly fetch manifest lucide-react@^0.292.0
28 silly packumentCache full:https://registry.npmjs.org/lucide-react cache-miss
29 http fetch GET 200 https://registry.npmjs.org/lucide-react 906ms (cache miss)
30 silly packumentCache full:https://registry.npmjs.org/lucide-react set size:undefined disposed:false
31 silly fetch manifest @types/react@^18.2.37
32 silly packumentCache full:https://registry.npmjs.org/@types%2freact cache-miss
33 http fetch GET 200 https://registry.npmjs.org/@types%2freact 83ms (cache miss)
34 silly packumentCache full:https://registry.npmjs.org/@types%2freact set size:undefined disposed:false
35 silly fetch manifest @types/react-dom@^18.2.15
36 silly packumentCache full:https://registry.npmjs.org/@types%2freact-dom cache-miss
37 http fetch GET 200 https://registry.npmjs.org/@types%2freact-dom 64ms (cache miss)
38 silly packumentCache full:https://registry.npmjs.org/@types%2freact-dom set size:undefined disposed:false
39 silly fetch manifest @vitejs/plugin-react@^4.2.0
40 silly packumentCache full:https://registry.npmjs.org/@vitejs%2fplugin-react cache-miss
41 http fetch GET 200 https://registry.npmjs.org/@vitejs%2fplugin-react 144ms (cache miss)
42 silly packumentCache full:https://registry.npmjs.org/@vitejs%2fplugin-react set size:undefined disposed:false
43 silly fetch manifest vite@^5.0.0
44 silly packumentCache full:https://registry.npmjs.org/vite cache-miss
45 http fetch GET 200 https://registry.npmjs.org/vite 874ms (cache miss)
46 silly packumentCache full:https://registry.npmjs.org/vite set size:undefined disposed:false
47 silly fetch manifest @types/node@^18.0.0 || >=20.0.0
48 silly packumentCache full:https://registry.npmjs.org/@types%2fnode cache-miss
49 http fetch GET 200 https://registry.npmjs.org/@types%2fnode 167ms (cache miss)
50 silly packumentCache full:https://registry.npmjs.org/@types%2fnode set size:undefined disposed:false
51 silly fetch manifest less@*
52 silly packumentCache full:https://registry.npmjs.org/less cache-miss
53 http fetch GET 200 https://registry.npmjs.org/less 56ms (cache miss)
54 silly packumentCache full:https://registry.npmjs.org/less set size:undefined disposed:false
55 silly fetch manifest lightningcss@^1.21.0
56 silly packumentCache full:https://registry.npmjs.org/lightningcss cache-miss
57 http fetch GET 200 https://registry.npmjs.org/lightningcss 42ms (cache miss)
58 silly packumentCache full:https://registry.npmjs.org/lightningcss set size:undefined disposed:false
59 silly fetch manifest sass@*
60 silly packumentCache full:https://registry.npmjs.org/sass cache-miss
61 http fetch GET 200 https://registry.npmjs.org/sass 99ms (cache miss)
62 silly packumentCache full:https://registry.npmjs.org/sass set size:undefined disposed:false
63 silly fetch manifest sass-embedded@*
64 silly packumentCache full:https://registry.npmjs.org/sass-embedded cache-miss
65 http fetch GET 200 https://registry.npmjs.org/sass-embedded 49ms (cache miss)
66 silly packumentCache full:https://registry.npmjs.org/sass-embedded set size:undefined disposed:false
67 silly fetch manifest stylus@*
68 silly packumentCache full:https://registry.npmjs.org/stylus cache-miss
69 http fetch GET 200 https://registry.npmjs.org/stylus 51ms (cache miss)
70 silly packumentCache full:https://registry.npmjs.org/stylus set size:undefined disposed:false
71 silly fetch manifest sugarss@*
72 silly packumentCache full:https://registry.npmjs.org/sugarss cache-miss
73 http fetch GET 200 https://registry.npmjs.org/sugarss 45ms (cache miss)
74 silly packumentCache full:https://registry.npmjs.org/sugarss set size:undefined disposed:false
75 silly fetch manifest postcss@^8.3.3
76 silly packumentCache full:https://registry.npmjs.org/postcss cache-miss
77 http fetch GET 200 https://registry.npmjs.org/postcss 71ms (cache miss)
78 silly packumentCache full:https://registry.npmjs.org/postcss set size:undefined disposed:false
79 silly fetch manifest terser@^5.4.0
80 silly packumentCache full:https://registry.npmjs.org/terser cache-miss
81 http fetch GET 200 https://registry.npmjs.org/terser 61ms (cache miss)
82 silly packumentCache full:https://registry.npmjs.org/terser set size:undefined disposed:false
83 silly fetch manifest eslint@^8.53.0
84 silly packumentCache full:https://registry.npmjs.org/eslint cache-miss
85 http fetch GET 200 https://registry.npmjs.org/eslint 58ms (cache miss)
86 silly packumentCache full:https://registry.npmjs.org/eslint set size:undefined disposed:false
87 silly fetch manifest eslint-plugin-react@^7.33.2
88 silly packumentCache full:https://registry.npmjs.org/eslint-plugin-react cache-miss
89 http fetch GET 200 https://registry.npmjs.org/eslint-plugin-react 125ms (cache miss)
90 silly packumentCache full:https://registry.npmjs.org/eslint-plugin-react set size:undefined disposed:false
91 silly fetch manifest eslint-plugin-react-hooks@^4.6.0
92 silly packumentCache full:https://registry.npmjs.org/eslint-plugin-react-hooks cache-miss
93 http fetch GET 200 https://registry.npmjs.org/eslint-plugin-react-hooks 161ms (cache miss)
94 silly packumentCache full:https://registry.npmjs.org/eslint-plugin-react-hooks set size:undefined disposed:false
95 silly fetch manifest eslint-plugin-react-refresh@^0.4.4
96 silly packumentCache full:https://registry.npmjs.org/eslint-plugin-react-refresh cache-miss
97 http fetch GET 200 https://registry.npmjs.org/eslint-plugin-react-refresh 45ms (cache miss)
98 silly packumentCache full:https://registry.npmjs.org/eslint-plugin-react-refresh set size:undefined disposed:false
99 silly placeDep ROOT @types/react@18.3.27 OK for: amalfi-guide@0.0.0 want: ^18.2.37
100 silly placeDep ROOT @types/react-dom@18.3.7 OK for: amalfi-guide@0.0.0 want: ^18.2.15
101 silly placeDep ROOT @vitejs/plugin-react@4.7.0 OK for: amalfi-guide@0.0.0 want: ^4.2.0
102 silly placeDep ROOT vite@5.4.21 OK for: @vitejs/plugin-react@4.7.0 want: ^4.2.0 || ^5.0.0 || ^6.0.0 || ^7.0.0
103 silly placeDep ROOT eslint@8.57.1 OK for: amalfi-guide@0.0.0 want: ^8.53.0
104 silly placeDep ROOT eslint-plugin-react@7.37.5 OK for: amalfi-guide@0.0.0 want: ^7.33.2
105 silly placeDep ROOT eslint-plugin-react-hooks@4.6.2 OK for: amalfi-guide@0.0.0 want: ^4.6.0
106 silly placeDep ROOT eslint-plugin-react-refresh@0.4.24 OK for: amalfi-guide@0.0.0 want: ^0.4.4
107 silly placeDep ROOT framer-motion@10.18.0 OK for: amalfi-guide@0.0.0 want: ^10.16.4
108 silly placeDep ROOT lucide-react@0.292.0 OK for: amalfi-guide@0.0.0 want: ^0.292.0
109 silly placeDep ROOT react@18.3.1 OK for: lucide-react@0.292.0 want: ^16.5.1 || ^17.0.0 || ^18.0.0
110 silly placeDep ROOT react-dom@18.3.1 OK for: amalfi-guide@0.0.0 want: ^18.2.0
111 silly fetch manifest csstype@^3.2.2
112 silly packumentCache full:https://registry.npmjs.org/csstype cache-miss
113 silly fetch manifest @types/prop-types@*
114 silly packumentCache full:https://registry.npmjs.org/@types%2fprop-types cache-miss
115 silly fetch manifest @babel/core@^7.28.0
116 silly packumentCache full:https://registry.npmjs.org/@babel%2fcore cache-miss
117 silly fetch manifest react-refresh@^0.17.0
118 silly packumentCache full:https://registry.npmjs.org/react-refresh cache-miss
119 silly fetch manifest @types/babel__core@^7.20.5
120 silly packumentCache full:https://registry.npmjs.org/@types%2fbabel__core cache-miss
121 silly fetch manifest @rolldown/pluginutils@1.0.0-beta.27
122 silly packumentCache full:https://registry.npmjs.org/@rolldown%2fpluginutils cache-miss
123 silly fetch manifest @babel/plugin-transform-react-jsx-self@^7.27.1
124 silly packumentCache full:https://registry.npmjs.org/@babel%2fplugin-transform-react-jsx-self cache-miss
125 silly fetch manifest @babel/plugin-transform-react-jsx-source@^7.27.1
126 silly packumentCache full:https://registry.npmjs.org/@babel%2fplugin-transform-react-jsx-source cache-miss
127 silly fetch manifest rollup@^4.20.0
128 silly packumentCache full:https://registry.npmjs.org/rollup cache-miss
129 silly fetch manifest esbuild@^0.21.3
130 silly packumentCache full:https://registry.npmjs.org/esbuild cache-miss
131 silly fetch manifest postcss@^8.4.43
132 silly packumentCache full:https://registry.npmjs.org/postcss cache-miss
133 silly fetch manifest fsevents@~2.3.3
134 silly packumentCache full:https://registry.npmjs.org/fsevents cache-miss
135 silly fetch manifest ajv@^6.12.4
136 silly packumentCache full:https://registry.npmjs.org/ajv cache-miss
137 http cache https://registry.npmjs.org/postcss 8ms (cache hit)
138 silly packumentCache full:https://registry.npmjs.org/postcss set size:696248 disposed:false
139 silly fetch manifest levn@^0.4.1
140 silly packumentCache full:https://registry.npmjs.org/levn cache-miss
141 http fetch GET 200 https://registry.npmjs.org/csstype 59ms (cache miss)
142 silly packumentCache full:https://registry.npmjs.org/csstype set size:undefined disposed:false
143 silly fetch manifest chalk@^4.0.0
144 silly packumentCache full:https://registry.npmjs.org/chalk cache-miss
145 http fetch GET 200 https://registry.npmjs.org/@types%2fprop-types 61ms (cache miss)
146 silly packumentCache full:https://registry.npmjs.org/@types%2fprop-types set size:undefined disposed:false
147 silly fetch manifest debug@^4.3.2
148 silly packumentCache full:https://registry.npmjs.org/debug cache-miss
149 http fetch GET 200 https://registry.npmjs.org/chalk 46ms (cache miss)
150 silly packumentCache full:https://registry.npmjs.org/chalk set size:undefined disposed:false
151 silly fetch manifest espree@^9.6.1
152 silly packumentCache full:https://registry.npmjs.org/espree cache-miss
153 http fetch GET 200 https://registry.npmjs.org/debug 50ms (cache miss)
154 silly packumentCache full:https://registry.npmjs.org/debug set size:undefined disposed:false
155 silly fetch manifest ignore@^5.2.0
156 silly packumentCache full:https://registry.npmjs.org/ignore cache-miss
157 http fetch GET 200 https://registry.npmjs.org/@types%2fbabel__core 142ms (cache miss)
158 silly packumentCache full:https://registry.npmjs.org/@types%2fbabel__core set size:undefined disposed:false
159 silly fetch manifest esquery@^1.4.2
160 silly packumentCache full:https://registry.npmjs.org/esquery cache-miss
161 http fetch GET 200 https://registry.npmjs.org/levn 135ms (cache miss)
162 silly packumentCache full:https://registry.npmjs.org/levn set size:undefined disposed:false
163 silly fetch manifest esutils@^2.0.2
164 silly packumentCache full:https://registry.npmjs.org/esutils cache-miss
165 http fetch GET 200 https://registry.npmjs.org/@babel%2fplugin-transform-react-jsx-source 147ms (cache miss)
166 silly packumentCache full:https://registry.npmjs.org/@babel%2fplugin-transform-react-jsx-source set size:undefined disposed:false
167 silly fetch manifest find-up@^5.0.0
168 silly packumentCache full:https://registry.npmjs.org/find-up cache-miss
169 http fetch GET 200 https://registry.npmjs.org/@rolldown%2fpluginutils 156ms (cache miss)
170 silly packumentCache full:https://registry.npmjs.org/@rolldown%2fpluginutils set size:undefined disposed:false
171 silly fetch manifest globals@^13.19.0
172 silly packumentCache full:https://registry.npmjs.org/globals cache-miss
173 http fetch GET 200 https://registry.npmjs.org/@babel%2fcore 173ms (cache miss)
174 silly packumentCache full:https://registry.npmjs.org/@babel%2fcore set size:undefined disposed:false
175 silly fetch manifest is-glob@^4.0.0
176 silly packumentCache full:https://registry.npmjs.org/is-glob cache-miss
177 http fetch GET 200 https://registry.npmjs.org/ignore 65ms (cache miss)
178 silly packumentCache full:https://registry.npmjs.org/ignore set size:undefined disposed:false
179 silly fetch manifest js-yaml@^4.1.0
180 silly packumentCache full:https://registry.npmjs.org/js-yaml cache-miss
181 http fetch GET 200 https://registry.npmjs.org/@babel%2fplugin-transform-react-jsx-self 182ms (cache miss)
182 silly packumentCache full:https://registry.npmjs.org/@babel%2fplugin-transform-react-jsx-self set size:undefined disposed:false
183 silly fetch manifest doctrine@^3.0.0
184 silly packumentCache full:https://registry.npmjs.org/doctrine cache-miss
185 http fetch GET 200 https://registry.npmjs.org/espree 81ms (cache miss)
186 silly packumentCache full:https://registry.npmjs.org/espree set size:undefined disposed:false
187 silly fetch manifest graphemer@^1.4.0
188 silly packumentCache full:https://registry.npmjs.org/graphemer cache-miss
189 http fetch GET 200 https://registry.npmjs.org/fsevents 213ms (cache miss)
190 silly packumentCache full:https://registry.npmjs.org/fsevents set size:undefined disposed:false
191 silly fetch manifest minimatch@^3.1.2
192 silly packumentCache full:https://registry.npmjs.org/minimatch cache-miss
193 http fetch GET 200 https://registry.npmjs.org/esquery 83ms (cache miss)
194 silly packumentCache full:https://registry.npmjs.org/esquery set size:undefined disposed:false
195 silly fetch manifest @eslint/js@8.57.1
196 silly packumentCache full:https://registry.npmjs.org/@eslint%2fjs cache-miss
197 http fetch GET 200 https://registry.npmjs.org/find-up 84ms (cache miss)
198 silly packumentCache full:https://registry.npmjs.org/find-up set size:undefined disposed:false
199 silly fetch manifest optionator@^0.9.3
200 silly packumentCache full:https://registry.npmjs.org/optionator cache-miss
201 http fetch GET 200 https://registry.npmjs.org/esutils 88ms (cache miss)
202 silly packumentCache full:https://registry.npmjs.org/esutils set size:undefined disposed:false
203 silly fetch manifest strip-ansi@^6.0.1
204 silly packumentCache full:https://registry.npmjs.org/strip-ansi cache-miss
205 http fetch GET 200 https://registry.npmjs.org/globals 85ms (cache miss)
206 silly packumentCache full:https://registry.npmjs.org/globals set size:undefined disposed:false
207 silly fetch manifest text-table@^0.2.0
208 silly packumentCache full:https://registry.npmjs.org/text-table cache-miss
209 http fetch GET 200 https://registry.npmjs.org/ajv 245ms (cache miss)
210 silly packumentCache full:https://registry.npmjs.org/ajv set size:undefined disposed:false
211 silly fetch manifest cross-spawn@^7.0.2
212 silly packumentCache full:https://registry.npmjs.org/cross-spawn cache-miss
213 http fetch GET 200 https://registry.npmjs.org/is-glob 75ms (cache miss)
214 silly packumentCache full:https://registry.npmjs.org/is-glob set size:undefined disposed:false
215 silly fetch manifest glob-parent@^6.0.2
216 silly packumentCache full:https://registry.npmjs.org/glob-parent cache-miss
217 http fetch GET 200 https://registry.npmjs.org/js-yaml 87ms (cache miss)
218 silly packumentCache full:https://registry.npmjs.org/js-yaml set size:undefined disposed:false
219 silly fetch manifest imurmurhash@^0.1.4
220 silly packumentCache full:https://registry.npmjs.org/imurmurhash cache-miss
221 http fetch GET 200 https://registry.npmjs.org/doctrine 101ms (cache miss)
222 silly packumentCache full:https://registry.npmjs.org/doctrine set size:undefined disposed:false
223 silly fetch manifest eslint-scope@^7.2.2
224 silly packumentCache full:https://registry.npmjs.org/eslint-scope cache-miss
225 http fetch GET 200 https://registry.npmjs.org/rollup 289ms (cache miss)
226 silly packumentCache full:https://registry.npmjs.org/rollup set size:undefined disposed:false
227 silly fetch manifest lodash.merge@^4.6.2
228 silly packumentCache full:https://registry.npmjs.org/lodash.merge cache-miss
229 http fetch GET 200 https://registry.npmjs.org/graphemer 120ms (cache miss)
230 silly packumentCache full:https://registry.npmjs.org/graphemer set size:undefined disposed:false
231 silly fetch manifest is-path-inside@^3.0.3
232 silly packumentCache full:https://registry.npmjs.org/is-path-inside cache-miss
233 http fetch GET 200 https://registry.npmjs.org/esbuild 314ms (cache miss)
234 silly packumentCache full:https://registry.npmjs.org/esbuild set size:undefined disposed:false
235 silly fetch manifest fast-deep-equal@^3.1.3
236 silly packumentCache full:https://registry.npmjs.org/fast-deep-equal cache-miss
237 http fetch GET 200 https://registry.npmjs.org/minimatch 106ms (cache miss)
238 silly packumentCache full:https://registry.npmjs.org/minimatch set size:undefined disposed:false
239 silly fetch manifest natural-compare@^1.4.0
240 silly packumentCache full:https://registry.npmjs.org/natural-compare cache-miss
241 http fetch GET 200 https://registry.npmjs.org/optionator 105ms (cache miss)
242 silly packumentCache full:https://registry.npmjs.org/optionator set size:undefined disposed:false
243 silly fetch manifest @eslint/eslintrc@^2.1.4
244 silly packumentCache full:https://registry.npmjs.org/@eslint%2feslintrc cache-miss
245 http fetch GET 200 https://registry.npmjs.org/text-table 95ms (cache miss)
246 silly packumentCache full:https://registry.npmjs.org/text-table set size:undefined disposed:false
247 silly fetch manifest @nodelib/fs.walk@^1.2.8
248 silly packumentCache full:https://registry.npmjs.org/@nodelib%2ffs.walk cache-miss
249 http fetch GET 200 https://registry.npmjs.org/@eslint%2fjs 115ms (cache miss)
250 silly packumentCache full:https://registry.npmjs.org/@eslint%2fjs set size:undefined disposed:false
251 silly fetch manifest file-entry-cache@^6.0.1
252 silly packumentCache full:https://registry.npmjs.org/file-entry-cache cache-miss
253 http fetch GET 200 https://registry.npmjs.org/strip-ansi 107ms (cache miss)
254 silly packumentCache full:https://registry.npmjs.org/strip-ansi set size:undefined disposed:false
255 silly fetch manifest eslint-visitor-keys@^3.4.3
256 silly packumentCache full:https://registry.npmjs.org/eslint-visitor-keys cache-miss
257 http fetch GET 200 https://registry.npmjs.org/glob-parent 94ms (cache miss)
258 silly packumentCache full:https://registry.npmjs.org/glob-parent set size:undefined disposed:false
259 silly fetch manifest escape-string-regexp@^4.0.0
260 silly packumentCache full:https://registry.npmjs.org/escape-string-regexp cache-miss
261 http fetch GET 200 https://registry.npmjs.org/imurmurhash 78ms (cache miss)
262 silly packumentCache full:https://registry.npmjs.org/imurmurhash set size:undefined disposed:false
263 silly fetch manifest @ungap/structured-clone@^1.2.0
264 silly packumentCache full:https://registry.npmjs.org/@ungap%2fstructured-clone cache-miss
265 http fetch GET 200 https://registry.npmjs.org/cross-spawn 97ms (cache miss)
266 silly packumentCache full:https://registry.npmjs.org/cross-spawn set size:undefined disposed:false
267 silly fetch manifest @eslint-community/regexpp@^4.6.1
268 silly packumentCache full:https://registry.npmjs.org/@eslint-community%2fregexpp cache-miss
269 http fetch GET 200 https://registry.npmjs.org/eslint-scope 71ms (cache miss)
270 silly packumentCache full:https://registry.npmjs.org/eslint-scope set size:undefined disposed:false
271 silly fetch manifest @humanwhocodes/config-array@^0.13.0
272 silly packumentCache full:https://registry.npmjs.org/@humanwhocodes%2fconfig-array cache-miss
273 http fetch GET 200 https://registry.npmjs.org/lodash.merge 76ms (cache miss)
274 silly packumentCache full:https://registry.npmjs.org/lodash.merge set size:undefined disposed:false
275 silly fetch manifest @eslint-community/eslint-utils@^4.2.0
276 silly packumentCache full:https://registry.npmjs.org/@eslint-community%2feslint-utils cache-miss
277 http fetch GET 200 https://registry.npmjs.org/is-path-inside 84ms (cache miss)
278 silly packumentCache full:https://registry.npmjs.org/is-path-inside set size:undefined disposed:false
279 silly fetch manifest @humanwhocodes/module-importer@^1.0.1
280 silly packumentCache full:https://registry.npmjs.org/@humanwhocodes%2fmodule-importer cache-miss
281 http fetch GET 200 https://registry.npmjs.org/natural-compare 78ms (cache miss)
282 silly packumentCache full:https://registry.npmjs.org/natural-compare set size:undefined disposed:false
283 silly fetch manifest json-stable-stringify-without-jsonify@^1.0.1
284 silly packumentCache full:https://registry.npmjs.org/json-stable-stringify-without-jsonify cache-miss
285 http fetch GET 200 https://registry.npmjs.org/react-refresh 401ms (cache miss)
286 silly packumentCache full:https://registry.npmjs.org/react-refresh set size:undefined disposed:false
287 silly fetch manifest array-includes@^3.1.8
288 silly packumentCache full:https://registry.npmjs.org/array-includes cache-miss
289 http fetch GET 200 https://registry.npmjs.org/eslint-visitor-keys 76ms (cache miss)
290 silly packumentCache full:https://registry.npmjs.org/eslint-visitor-keys set size:undefined disposed:false
291 silly fetch manifest array.prototype.findlast@^1.2.5
292 silly packumentCache full:https://registry.npmjs.org/array.prototype.findlast cache-miss
293 http fetch GET 200 https://registry.npmjs.org/escape-string-regexp 75ms (cache miss)
294 silly packumentCache full:https://registry.npmjs.org/escape-string-regexp set size:undefined disposed:false
295 silly fetch manifest array.prototype.flatmap@^1.3.3
296 silly packumentCache full:https://registry.npmjs.org/array.prototype.flatmap cache-miss
297 http fetch GET 200 https://registry.npmjs.org/@nodelib%2ffs.walk 82ms (cache miss)
298 silly packumentCache full:https://registry.npmjs.org/@nodelib%2ffs.walk set size:undefined disposed:false
299 silly fetch manifest array.prototype.tosorted@^1.1.4
300 silly packumentCache full:https://registry.npmjs.org/array.prototype.tosorted cache-miss
301 http fetch GET 200 https://registry.npmjs.org/fast-deep-equal 105ms (cache miss)
302 silly packumentCache full:https://registry.npmjs.org/fast-deep-equal set size:undefined disposed:false
303 silly fetch manifest doctrine@^2.1.0
304 silly packumentCache full:https://registry.npmjs.org/doctrine cache-miss
305 http fetch GET 200 https://registry.npmjs.org/file-entry-cache 81ms (cache miss)
306 silly packumentCache full:https://registry.npmjs.org/file-entry-cache set size:undefined disposed:false
307 silly fetch manifest es-iterator-helpers@^1.2.1
308 silly packumentCache full:https://registry.npmjs.org/es-iterator-helpers cache-miss
309 http fetch GET 200 https://registry.npmjs.org/@eslint%2feslintrc 86ms (cache miss)
310 silly packumentCache full:https://registry.npmjs.org/@eslint%2feslintrc set size:undefined disposed:false
311 silly fetch manifest estraverse@^5.3.0
312 silly packumentCache full:https://registry.npmjs.org/estraverse cache-miss
313 http cache https://registry.npmjs.org/doctrine 5ms (cache hit)
314 silly packumentCache full:https://registry.npmjs.org/doctrine set size:64052 disposed:false
315 silly fetch manifest hasown@^2.0.2
316 silly packumentCache full:https://registry.npmjs.org/hasown cache-miss
317 http fetch GET 200 https://registry.npmjs.org/@ungap%2fstructured-clone 81ms (cache miss)
318 silly packumentCache full:https://registry.npmjs.org/@ungap%2fstructured-clone set size:undefined disposed:false
319 silly fetch manifest jsx-ast-utils@^2.4.1 || ^3.0.0
320 silly packumentCache full:https://registry.npmjs.org/jsx-ast-utils cache-miss
321 http fetch GET 200 https://registry.npmjs.org/@eslint-community%2fregexpp 82ms (cache miss)
322 silly packumentCache full:https://registry.npmjs.org/@eslint-community%2fregexpp set size:undefined disposed:false
323 silly fetch manifest object.entries@^1.1.9
324 silly packumentCache full:https://registry.npmjs.org/object.entries cache-miss
325 http fetch GET 200 https://registry.npmjs.org/@humanwhocodes%2fconfig-array 96ms (cache miss)
326 silly packumentCache full:https://registry.npmjs.org/@humanwhocodes%2fconfig-array set size:undefined disposed:false
327 silly fetch manifest object.fromentries@^2.0.8
328 silly packumentCache full:https://registry.npmjs.org/object.fromentries cache-miss
329 http fetch GET 200 https://registry.npmjs.org/@eslint-community%2feslint-utils 74ms (cache miss)
330 silly packumentCache full:https://registry.npmjs.org/@eslint-community%2feslint-utils set size:undefined disposed:false
331 silly fetch manifest object.values@^1.2.1
332 silly packumentCache full:https://registry.npmjs.org/object.values cache-miss
333 http fetch GET 200 https://registry.npmjs.org/json-stable-stringify-without-jsonify 60ms (cache miss)
334 silly packumentCache full:https://registry.npmjs.org/json-stable-stringify-without-jsonify set size:undefined disposed:false
335 silly fetch manifest prop-types@^15.8.1
336 silly packumentCache full:https://registry.npmjs.org/prop-types cache-miss
337 http fetch GET 200 https://registry.npmjs.org/array-includes 59ms (cache miss)
338 silly packumentCache full:https://registry.npmjs.org/array-includes set size:undefined disposed:false
339 silly fetch manifest resolve@^2.0.0-next.5
340 silly packumentCache full:https://registry.npmjs.org/resolve cache-miss
341 http fetch GET 200 https://registry.npmjs.org/array.prototype.findlast 54ms (cache miss)
342 silly packumentCache full:https://registry.npmjs.org/array.prototype.findlast set size:undefined disposed:false
343 silly fetch manifest semver@^6.3.1
344 silly packumentCache full:https://registry.npmjs.org/semver cache-miss
345 http fetch GET 200 https://registry.npmjs.org/array.prototype.flatmap 53ms (cache miss)
346 silly packumentCache full:https://registry.npmjs.org/array.prototype.flatmap set size:undefined disposed:false
347 silly fetch manifest string.prototype.matchall@^4.0.12
348 silly packumentCache full:https://registry.npmjs.org/string.prototype.matchall cache-miss
349 http fetch GET 200 https://registry.npmjs.org/@humanwhocodes%2fmodule-importer 82ms (cache miss)
350 silly packumentCache full:https://registry.npmjs.org/@humanwhocodes%2fmodule-importer set size:undefined disposed:false
351 silly fetch manifest string.prototype.repeat@^1.0.0
352 silly packumentCache full:https://registry.npmjs.org/string.prototype.repeat cache-miss
353 http fetch GET 200 https://registry.npmjs.org/array.prototype.tosorted 56ms (cache miss)
354 silly packumentCache full:https://registry.npmjs.org/array.prototype.tosorted set size:undefined disposed:false
355 silly fetch manifest tslib@^2.4.0
356 silly packumentCache full:https://registry.npmjs.org/tslib cache-miss
357 http fetch GET 200 https://registry.npmjs.org/jsx-ast-utils 50ms (cache miss)
358 silly packumentCache full:https://registry.npmjs.org/jsx-ast-utils set size:undefined disposed:false
359 silly fetch manifest @emotion/is-prop-valid@^0.8.2
360 silly packumentCache full:https://registry.npmjs.org/@emotion%2fis-prop-valid cache-miss
361 http fetch GET 200 https://registry.npmjs.org/object.entries 51ms (cache miss)
362 silly packumentCache full:https://registry.npmjs.org/object.entries set size:undefined disposed:false
363 silly fetch manifest loose-envify@^1.1.0
364 silly packumentCache full:https://registry.npmjs.org/loose-envify cache-miss
365 http fetch GET 200 https://registry.npmjs.org/estraverse 57ms (cache miss)
366 silly packumentCache full:https://registry.npmjs.org/estraverse set size:undefined disposed:false
367 silly fetch manifest scheduler@^0.23.2
368 silly packumentCache full:https://registry.npmjs.org/scheduler cache-miss
369 http fetch GET 200 https://registry.npmjs.org/hasown 56ms (cache miss)
370 silly packumentCache full:https://registry.npmjs.org/hasown set size:undefined disposed:false
371 silly fetch manifest loose-envify@^1.1.0
372 silly packumentCache full:https://registry.npmjs.org/loose-envify cache-miss
373 http fetch GET 200 https://registry.npmjs.org/es-iterator-helpers 60ms (cache miss)
374 silly packumentCache full:https://registry.npmjs.org/es-iterator-helpers set size:undefined disposed:false
375 http fetch GET 200 https://registry.npmjs.org/object.values 47ms (cache miss)
376 silly packumentCache full:https://registry.npmjs.org/object.values set size:undefined disposed:false
377 http fetch GET 200 https://registry.npmjs.org/object.fromentries 59ms (cache miss)
378 silly packumentCache full:https://registry.npmjs.org/object.fromentries set size:undefined disposed:false
379 http fetch GET 200 https://registry.npmjs.org/prop-types 51ms (cache miss)
380 silly packumentCache full:https://registry.npmjs.org/prop-types set size:undefined disposed:false
381 http fetch GET 200 https://registry.npmjs.org/semver 48ms (cache miss)
382 silly packumentCache full:https://registry.npmjs.org/semver set size:undefined disposed:false
383 http fetch GET 200 https://registry.npmjs.org/string.prototype.matchall 51ms (cache miss)
384 silly packumentCache full:https://registry.npmjs.org/string.prototype.matchall set size:undefined disposed:false
385 http fetch GET 200 https://registry.npmjs.org/string.prototype.repeat 49ms (cache miss)
386 silly packumentCache full:https://registry.npmjs.org/string.prototype.repeat set size:undefined disposed:false
387 http fetch GET 200 https://registry.npmjs.org/resolve 54ms (cache miss)
388 silly packumentCache full:https://registry.npmjs.org/resolve set size:undefined disposed:false
389 http fetch GET 200 https://registry.npmjs.org/loose-envify 59ms (cache miss)
390 silly packumentCache full:https://registry.npmjs.org/loose-envify set size:undefined disposed:false
391 http fetch GET 200 https://registry.npmjs.org/tslib 71ms (cache miss)
392 silly packumentCache full:https://registry.npmjs.org/tslib set size:undefined disposed:false
393 http fetch GET 200 https://registry.npmjs.org/@emotion%2fis-prop-valid 74ms (cache miss)
394 silly packumentCache full:https://registry.npmjs.org/@emotion%2fis-prop-valid set size:undefined disposed:false
395 http fetch GET 200 https://registry.npmjs.org/loose-envify 130ms (cache miss)
396 silly packumentCache full:https://registry.npmjs.org/loose-envify set size:undefined disposed:false
397 http fetch GET 200 https://registry.npmjs.org/scheduler 159ms (cache miss)
398 silly packumentCache full:https://registry.npmjs.org/scheduler set size:undefined disposed:false
399 silly placeDep ROOT @types/prop-types@15.7.15 OK for: @types/react@18.3.27 want: *
400 silly placeDep ROOT csstype@3.2.3 OK for: @types/react@18.3.27 want: ^3.2.2
401 silly placeDep ROOT @babel/core@7.28.5 OK for: @vitejs/plugin-react@4.7.0 want: ^7.28.0
402 silly placeDep ROOT @babel/plugin-transform-react-jsx-self@7.27.1 OK for: @vitejs/plugin-react@4.7.0 want: ^7.27.1
403 silly placeDep ROOT @babel/plugin-transform-react-jsx-source@7.27.1 OK for: @vitejs/plugin-react@4.7.0 want: ^7.27.1
404 silly placeDep ROOT @rolldown/pluginutils@1.0.0-beta.27 OK for: @vitejs/plugin-react@4.7.0 want: 1.0.0-beta.27
405 silly placeDep ROOT @types/babel__core@7.20.5 OK for: @vitejs/plugin-react@4.7.0 want: ^7.20.5
406 silly placeDep ROOT react-refresh@0.17.0 OK for: @vitejs/plugin-react@4.7.0 want: ^0.17.0
407 silly fetch manifest @babel/code-frame@^7.27.1
408 silly packumentCache full:https://registry.npmjs.org/@babel%2fcode-frame cache-miss
409 silly fetch manifest @babel/generator@^7.28.5
410 silly packumentCache full:https://registry.npmjs.org/@babel%2fgenerator cache-miss
411 silly fetch manifest @babel/helper-compilation-targets@^7.27.2
412 silly packumentCache full:https://registry.npmjs.org/@babel%2fhelper-compilation-targets cache-miss
413 silly fetch manifest @babel/helper-module-transforms@^7.28.3
414 silly packumentCache full:https://registry.npmjs.org/@babel%2fhelper-module-transforms cache-miss
415 silly fetch manifest @babel/helpers@^7.28.4
416 silly packumentCache full:https://registry.npmjs.org/@babel%2fhelpers cache-miss
417 silly fetch manifest @babel/parser@^7.28.5
418 silly packumentCache full:https://registry.npmjs.org/@babel%2fparser cache-miss
419 silly fetch manifest @babel/template@^7.27.2
420 silly packumentCache full:https://registry.npmjs.org/@babel%2ftemplate cache-miss
421 silly fetch manifest @babel/traverse@^7.28.5
422 silly packumentCache full:https://registry.npmjs.org/@babel%2ftraverse cache-miss
423 silly fetch manifest @babel/types@^7.28.5
424 silly packumentCache full:https://registry.npmjs.org/@babel%2ftypes cache-miss
425 silly fetch manifest @jridgewell/remapping@^2.3.5
426 silly packumentCache full:https://registry.npmjs.org/@jridgewell%2fremapping cache-miss
427 silly fetch manifest convert-source-map@^2.0.0
428 silly packumentCache full:https://registry.npmjs.org/convert-source-map cache-miss
429 silly fetch manifest debug@^4.1.0
430 silly packumentCache full:https://registry.npmjs.org/debug cache-miss
431 silly fetch manifest gensync@^1.0.0-beta.2
432 silly packumentCache full:https://registry.npmjs.org/gensync cache-miss
433 http cache https://registry.npmjs.org/debug 5ms (cache hit)
434 silly packumentCache full:https://registry.npmjs.org/debug set size:195840 disposed:false
435 silly fetch manifest json5@^2.2.3
436 silly packumentCache full:https://registry.npmjs.org/json5 cache-miss
437 http fetch GET 200 https://registry.npmjs.org/gensync 57ms (cache miss)
438 silly packumentCache full:https://registry.npmjs.org/gensync set size:undefined disposed:false
439 silly fetch manifest @babel/helper-plugin-utils@^7.27.1
440 silly packumentCache full:https://registry.npmjs.org/@babel%2fhelper-plugin-utils cache-miss
441 http fetch GET 200 https://registry.npmjs.org/json5 55ms (cache miss)
442 silly packumentCache full:https://registry.npmjs.org/json5 set size:undefined disposed:false
443 silly fetch manifest @babel/helper-plugin-utils@^7.27.1
444 silly packumentCache full:https://registry.npmjs.org/@babel%2fhelper-plugin-utils cache-miss
445 http fetch GET 200 https://registry.npmjs.org/@babel%2fparser 66ms (cache miss)
446 silly packumentCache full:https://registry.npmjs.org/@babel%2fparser set size:undefined disposed:false
447 silly fetch manifest @babel/types@^7.20.7
448 silly packumentCache full:https://registry.npmjs.org/@babel%2ftypes cache-miss
449 http fetch GET 200 https://registry.npmjs.org/@jridgewell%2fremapping 76ms (cache miss)
450 silly packumentCache full:https://registry.npmjs.org/@jridgewell%2fremapping set size:undefined disposed:false
451 silly fetch manifest @babel/parser@^7.20.7
452 silly packumentCache full:https://registry.npmjs.org/@babel%2fparser cache-miss
453 http fetch GET 200 https://registry.npmjs.org/convert-source-map 76ms (cache miss)
454 silly packumentCache full:https://registry.npmjs.org/convert-source-map set size:undefined disposed:false
455 silly fetch manifest @types/babel__template@*
456 silly packumentCache full:https://registry.npmjs.org/@types%2fbabel__template cache-miss
457 http cache https://registry.npmjs.org/@babel%2fparser 3ms (cache hit)
458 silly packumentCache full:https://registry.npmjs.org/@babel%2fparser set size:702781 disposed:false
459 silly fetch manifest @types/babel__traverse@*
460 silly packumentCache full:https://registry.npmjs.org/@types%2fbabel__traverse cache-miss
461 http fetch GET 200 https://registry.npmjs.org/@babel%2fhelpers 84ms (cache miss)
462 silly packumentCache full:https://registry.npmjs.org/@babel%2fhelpers set size:undefined disposed:false
463 silly fetch manifest @types/babel__generator@*
464 silly packumentCache full:https://registry.npmjs.org/@types%2fbabel__generator cache-miss
465 http fetch GET 200 https://registry.npmjs.org/@babel%2ftraverse 91ms (cache miss)
466 silly packumentCache full:https://registry.npmjs.org/@babel%2ftraverse set size:undefined disposed:false
467 http fetch GET 200 https://registry.npmjs.org/@babel%2fgenerator 101ms (cache miss)
468 silly packumentCache full:https://registry.npmjs.org/@babel%2fgenerator set size:undefined disposed:false
469 http fetch GET 200 https://registry.npmjs.org/@babel%2ftemplate 109ms (cache miss)
470 silly packumentCache full:https://registry.npmjs.org/@babel%2ftemplate set size:undefined disposed:false
471 http fetch GET 200 https://registry.npmjs.org/@babel%2ftypes 110ms (cache miss)
472 silly packumentCache full:https://registry.npmjs.org/@babel%2ftypes set size:undefined disposed:false
473 http fetch GET 200 https://registry.npmjs.org/@babel%2fhelper-module-transforms 118ms (cache miss)
474 silly packumentCache full:https://registry.npmjs.org/@babel%2fhelper-module-transforms set size:undefined disposed:false
475 http fetch GET 200 https://registry.npmjs.org/@babel%2fhelper-compilation-targets 121ms (cache miss)
476 silly packumentCache full:https://registry.npmjs.org/@babel%2fhelper-compilation-targets set size:undefined disposed:false
477 http fetch GET 200 https://registry.npmjs.org/@babel%2fcode-frame 125ms (cache miss)
478 silly packumentCache full:https://registry.npmjs.org/@babel%2fcode-frame set size:undefined disposed:false
479 http fetch GET 200 https://registry.npmjs.org/@babel%2fhelper-plugin-utils 68ms (cache miss)
480 silly packumentCache full:https://registry.npmjs.org/@babel%2fhelper-plugin-utils set size:undefined disposed:false
481 http fetch GET 200 https://registry.npmjs.org/@babel%2fhelper-plugin-utils 79ms (cache miss)
482 silly packumentCache full:https://registry.npmjs.org/@babel%2fhelper-plugin-utils set size:undefined disposed:false
483 http fetch GET 200 https://registry.npmjs.org/@babel%2ftypes 71ms (cache miss)
484 silly packumentCache full:https://registry.npmjs.org/@babel%2ftypes set size:undefined disposed:false
485 http fetch GET 200 https://registry.npmjs.org/@types%2fbabel__template 65ms (cache miss)
486 silly packumentCache full:https://registry.npmjs.org/@types%2fbabel__template set size:undefined disposed:false
487 http fetch GET 200 https://registry.npmjs.org/@types%2fbabel__traverse 62ms (cache miss)
488 silly packumentCache full:https://registry.npmjs.org/@types%2fbabel__traverse set size:undefined disposed:false
489 http fetch GET 200 https://registry.npmjs.org/@types%2fbabel__generator 66ms (cache miss)
490 silly packumentCache full:https://registry.npmjs.org/@types%2fbabel__generator set size:undefined disposed:false
491 silly fetch manifest @babel/core@^7.0.0
492 silly packumentCache full:https://registry.npmjs.org/@babel%2fcore cache-miss
493 http cache https://registry.npmjs.org/@babel%2fcore 1ms (cache hit)
494 silly packumentCache full:https://registry.npmjs.org/@babel%2fcore set size:738278 disposed:false
495 silly placeDep ROOT @babel/code-frame@7.27.1 OK for: @babel/core@7.28.5 want: ^7.27.1
496 silly placeDep ROOT @babel/generator@7.28.5 OK for: @babel/core@7.28.5 want: ^7.28.5
497 silly placeDep ROOT @babel/helper-compilation-targets@7.27.2 OK for: @babel/core@7.28.5 want: ^7.27.2
498 silly placeDep ROOT @babel/helper-module-transforms@7.28.3 OK for: @babel/core@7.28.5 want: ^7.28.3
499 silly placeDep ROOT @babel/helpers@7.28.4 OK for: @babel/core@7.28.5 want: ^7.28.4
500 silly placeDep ROOT @babel/parser@7.28.5 OK for: @babel/core@7.28.5 want: ^7.28.5
501 silly placeDep ROOT @babel/template@7.27.2 OK for: @babel/core@7.28.5 want: ^7.27.2
502 silly placeDep ROOT @babel/traverse@7.28.5 OK for: @babel/core@7.28.5 want: ^7.28.5
503 silly placeDep ROOT @babel/types@7.28.5 OK for: @babel/core@7.28.5 want: ^7.28.5
504 silly placeDep ROOT @jridgewell/remapping@2.3.5 OK for: @babel/core@7.28.5 want: ^2.3.5
505 silly placeDep ROOT convert-source-map@2.0.0 OK for: @babel/core@7.28.5 want: ^2.0.0
506 silly placeDep ROOT debug@4.4.3 OK for: @babel/core@7.28.5 want: ^4.1.0
507 silly placeDep ROOT gensync@1.0.0-beta.2 OK for: @babel/core@7.28.5 want: ^1.0.0-beta.2
508 silly placeDep ROOT json5@2.2.3 OK for: @babel/core@7.28.5 want: ^2.2.3
509 silly placeDep ROOT semver@6.3.1 OK for: @babel/core@7.28.5 want: ^6.3.1
510 silly fetch manifest js-tokens@^4.0.0
511 silly packumentCache full:https://registry.npmjs.org/js-tokens cache-miss
512 silly fetch manifest picocolors@^1.1.1
513 silly packumentCache full:https://registry.npmjs.org/picocolors cache-miss
514 silly fetch manifest @babel/helper-validator-identifier@^7.27.1
515 silly packumentCache full:https://registry.npmjs.org/@babel%2fhelper-validator-identifier cache-miss
516 silly fetch manifest @jridgewell/gen-mapping@^0.3.12
517 silly packumentCache full:https://registry.npmjs.org/@jridgewell%2fgen-mapping cache-miss
518 silly fetch manifest @jridgewell/trace-mapping@^0.3.28
519 silly packumentCache full:https://registry.npmjs.org/@jridgewell%2ftrace-mapping cache-miss
520 silly fetch manifest jsesc@^3.0.2
521 silly packumentCache full:https://registry.npmjs.org/jsesc cache-miss
522 silly fetch manifest lru-cache@^5.1.1
523 silly packumentCache full:https://registry.npmjs.org/lru-cache cache-miss
524 silly fetch manifest browserslist@^4.24.0
525 silly packumentCache full:https://registry.npmjs.org/browserslist cache-miss
526 silly fetch manifest @babel/compat-data@^7.27.2
527 silly packumentCache full:https://registry.npmjs.org/@babel%2fcompat-data cache-miss
528 silly fetch manifest @babel/helper-validator-option@^7.27.1
529 silly packumentCache full:https://registry.npmjs.org/@babel%2fhelper-validator-option cache-miss
530 silly fetch manifest @babel/traverse@^7.28.3
531 silly packumentCache full:https://registry.npmjs.org/@babel%2ftraverse cache-miss
532 silly fetch manifest @babel/helper-module-imports@^7.27.1
533 silly packumentCache full:https://registry.npmjs.org/@babel%2fhelper-module-imports cache-miss
534 silly fetch manifest @babel/helper-validator-identifier@^7.27.1
535 silly packumentCache full:https://registry.npmjs.org/@babel%2fhelper-validator-identifier cache-miss
536 http cache https://registry.npmjs.org/@babel%2ftraverse 5ms (cache hit)
537 silly packumentCache full:https://registry.npmjs.org/@babel%2ftraverse set size:535703 disposed:false
538 silly fetch manifest @babel/types@^7.28.4
539 silly packumentCache full:https://registry.npmjs.org/@babel%2ftypes cache-miss
540 http cache https://registry.npmjs.org/@babel%2ftypes 1ms (cache hit)
541 silly packumentCache full:https://registry.npmjs.org/@babel%2ftypes set size:475698 disposed:false
542 silly fetch manifest @babel/types@^7.27.1
543 silly packumentCache full:https://registry.npmjs.org/@babel%2ftypes cache-hit
544 silly fetch manifest @babel/helper-globals@^7.28.0
545 silly packumentCache full:https://registry.npmjs.org/@babel%2fhelper-globals cache-miss
546 http fetch GET 200 https://registry.npmjs.org/browserslist 55ms (cache miss)
547 silly packumentCache full:https://registry.npmjs.org/browserslist set size:undefined disposed:false
548 silly fetch manifest debug@^4.3.1
549 silly packumentCache full:https://registry.npmjs.org/debug cache-hit
550 silly fetch manifest @babel/helper-string-parser@^7.27.1
551 silly packumentCache full:https://registry.npmjs.org/@babel%2fhelper-string-parser cache-miss
552 http fetch GET 200 https://registry.npmjs.org/picocolors 58ms (cache miss)
553 silly packumentCache full:https://registry.npmjs.org/picocolors set size:undefined disposed:false
554 silly fetch manifest @babel/helper-validator-identifier@^7.28.5
555 silly packumentCache full:https://registry.npmjs.org/@babel%2fhelper-validator-identifier cache-miss
556 http fetch GET 200 https://registry.npmjs.org/lru-cache 63ms (cache miss)
557 silly packumentCache full:https://registry.npmjs.org/lru-cache set size:undefined disposed:false
558 silly fetch manifest @jridgewell/gen-mapping@^0.3.5
559 silly packumentCache full:https://registry.npmjs.org/@jridgewell%2fgen-mapping cache-miss
560 http fetch GET 200 https://registry.npmjs.org/js-tokens 67ms (cache miss)
561 silly packumentCache full:https://registry.npmjs.org/js-tokens set size:undefined disposed:false
562 silly fetch manifest @jridgewell/trace-mapping@^0.3.24
563 silly packumentCache full:https://registry.npmjs.org/@jridgewell%2ftrace-mapping cache-miss
564 http fetch GET 200 https://registry.npmjs.org/@babel%2fhelper-validator-option 67ms (cache miss)
565 silly packumentCache full:https://registry.npmjs.org/@babel%2fhelper-validator-option set size:undefined disposed:false
566 silly fetch manifest ms@^2.1.3
567 silly packumentCache full:https://registry.npmjs.org/ms cache-miss
568 http fetch GET 200 https://registry.npmjs.org/@babel%2fhelper-module-imports 68ms (cache miss)
569 silly packumentCache full:https://registry.npmjs.org/@babel%2fhelper-module-imports set size:undefined disposed:false
570 http fetch GET 200 https://registry.npmjs.org/@babel%2fhelper-validator-identifier 70ms (cache miss)
571 silly packumentCache full:https://registry.npmjs.org/@babel%2fhelper-validator-identifier set size:undefined disposed:false
572 http fetch GET 200 https://registry.npmjs.org/@babel%2fhelper-validator-identifier 71ms (cache miss)
573 silly packumentCache full:https://registry.npmjs.org/@babel%2fhelper-validator-identifier set size:undefined disposed:false
574 http fetch GET 200 https://registry.npmjs.org/@babel%2fhelper-globals 65ms (cache miss)
575 silly packumentCache full:https://registry.npmjs.org/@babel%2fhelper-globals set size:undefined disposed:false
576 http fetch GET 200 https://registry.npmjs.org/@jridgewell%2fgen-mapping 79ms (cache miss)
577 silly packumentCache full:https://registry.npmjs.org/@jridgewell%2fgen-mapping set size:undefined disposed:false
578 http fetch GET 200 https://registry.npmjs.org/@babel%2fcompat-data 81ms (cache miss)
579 silly packumentCache full:https://registry.npmjs.org/@babel%2fcompat-data set size:undefined disposed:false
580 http fetch GET 200 https://registry.npmjs.org/jsesc 81ms (cache miss)
581 silly packumentCache full:https://registry.npmjs.org/jsesc set size:undefined disposed:false
582 http fetch GET 200 https://registry.npmjs.org/@babel%2fhelper-validator-identifier 51ms (cache miss)
583 silly packumentCache full:https://registry.npmjs.org/@babel%2fhelper-validator-identifier set size:undefined disposed:false
584 http fetch GET 200 https://registry.npmjs.org/ms 48ms (cache miss)
585 silly packumentCache full:https://registry.npmjs.org/ms set size:undefined disposed:false
586 http fetch GET 200 https://registry.npmjs.org/@jridgewell%2fgen-mapping 58ms (cache miss)
587 silly packumentCache full:https://registry.npmjs.org/@jridgewell%2fgen-mapping set size:undefined disposed:false
588 http fetch GET 200 https://registry.npmjs.org/@babel%2fhelper-string-parser 67ms (cache miss)
589 silly packumentCache full:https://registry.npmjs.org/@babel%2fhelper-string-parser set size:undefined disposed:false
590 http fetch GET 200 https://registry.npmjs.org/@jridgewell%2ftrace-mapping 130ms (cache miss)
591 silly packumentCache full:https://registry.npmjs.org/@jridgewell%2ftrace-mapping set size:undefined disposed:false
592 http fetch GET 200 https://registry.npmjs.org/@jridgewell%2ftrace-mapping 66ms (cache miss)
593 silly packumentCache full:https://registry.npmjs.org/@jridgewell%2ftrace-mapping set size:undefined disposed:false
594 silly placeDep ROOT @babel/helper-validator-identifier@7.28.5 OK for: @babel/code-frame@7.27.1 want: ^7.27.1
595 silly placeDep ROOT js-tokens@4.0.0 OK for: @babel/code-frame@7.27.1 want: ^4.0.0
596 silly placeDep ROOT picocolors@1.1.1 OK for: @babel/code-frame@7.27.1 want: ^1.1.1
597 silly placeDep ROOT @jridgewell/gen-mapping@0.3.13 OK for: @babel/generator@7.28.5 want: ^0.3.12
598 silly placeDep ROOT @jridgewell/trace-mapping@0.3.31 OK for: @babel/generator@7.28.5 want: ^0.3.28
599 silly placeDep ROOT jsesc@3.1.0 OK for: @babel/generator@7.28.5 want: ^3.0.2
600 silly fetch manifest @jridgewell/sourcemap-codec@^1.5.0
601 silly packumentCache full:https://registry.npmjs.org/@jridgewell%2fsourcemap-codec cache-miss
602 silly fetch manifest @jridgewell/resolve-uri@^3.1.0
603 silly packumentCache full:https://registry.npmjs.org/@jridgewell%2fresolve-uri cache-miss
604 silly fetch manifest @jridgewell/sourcemap-codec@^1.4.14
605 silly packumentCache full:https://registry.npmjs.org/@jridgewell%2fsourcemap-codec cache-miss
606 http fetch GET 200 https://registry.npmjs.org/@jridgewell%2fsourcemap-codec 62ms (cache miss)
607 silly packumentCache full:https://registry.npmjs.org/@jridgewell%2fsourcemap-codec set size:undefined disposed:false
608 http fetch GET 200 https://registry.npmjs.org/@jridgewell%2fresolve-uri 62ms (cache miss)
609 silly packumentCache full:https://registry.npmjs.org/@jridgewell%2fresolve-uri set size:undefined disposed:false
610 http fetch GET 200 https://registry.npmjs.org/@jridgewell%2fsourcemap-codec 68ms (cache miss)
611 silly packumentCache full:https://registry.npmjs.org/@jridgewell%2fsourcemap-codec set size:undefined disposed:false
612 silly placeDep ROOT @babel/compat-data@7.28.5 OK for: @babel/helper-compilation-targets@7.27.2 want: ^7.27.2
613 silly placeDep ROOT @babel/helper-validator-option@7.27.1 OK for: @babel/helper-compilation-targets@7.27.2 want: ^7.27.1
614 silly placeDep ROOT browserslist@4.28.0 OK for: @babel/helper-compilation-targets@7.27.2 want: ^4.24.0
615 silly placeDep ROOT lru-cache@5.1.1 OK for: @babel/helper-compilation-targets@7.27.2 want: ^5.1.1
616 silly fetch manifest baseline-browser-mapping@^2.8.25
617 silly packumentCache full:https://registry.npmjs.org/baseline-browser-mapping cache-miss
618 silly fetch manifest caniuse-lite@^1.0.30001754
619 silly packumentCache full:https://registry.npmjs.org/caniuse-lite cache-miss
620 silly fetch manifest electron-to-chromium@^1.5.249
621 silly packumentCache full:https://registry.npmjs.org/electron-to-chromium cache-miss
622 silly fetch manifest node-releases@^2.0.27
623 silly packumentCache full:https://registry.npmjs.org/node-releases cache-miss
624 silly fetch manifest update-browserslist-db@^1.1.4
625 silly packumentCache full:https://registry.npmjs.org/update-browserslist-db cache-miss
626 silly fetch manifest yallist@^3.0.2
627 silly packumentCache full:https://registry.npmjs.org/yallist cache-miss
628 http fetch GET 200 https://registry.npmjs.org/yallist 44ms (cache miss)
629 silly packumentCache full:https://registry.npmjs.org/yallist set size:undefined disposed:false
630 http fetch GET 200 https://registry.npmjs.org/update-browserslist-db 47ms (cache miss)
631 silly packumentCache full:https://registry.npmjs.org/update-browserslist-db set size:undefined disposed:false
632 http fetch GET 200 https://registry.npmjs.org/baseline-browser-mapping 59ms (cache miss)
633 silly packumentCache full:https://registry.npmjs.org/baseline-browser-mapping set size:undefined disposed:false
634 http fetch GET 200 https://registry.npmjs.org/node-releases 70ms (cache miss)
635 silly packumentCache full:https://registry.npmjs.org/node-releases set size:undefined disposed:false
636 http fetch GET 200 https://registry.npmjs.org/caniuse-lite 145ms (cache miss)
637 silly packumentCache full:https://registry.npmjs.org/caniuse-lite set size:undefined disposed:false
638 http fetch GET 200 https://registry.npmjs.org/electron-to-chromium 210ms (cache miss)
639 silly packumentCache full:https://registry.npmjs.org/electron-to-chromium set size:undefined disposed:false
640 silly placeDep ROOT @babel/helper-module-imports@7.27.1 OK for: @babel/helper-module-transforms@7.28.3 want: ^7.27.1
641 silly placeDep ROOT @babel/helper-plugin-utils@7.27.1 OK for: @babel/plugin-transform-react-jsx-self@7.27.1 want: ^7.27.1
642 silly placeDep ROOT @babel/helper-globals@7.28.0 OK for: @babel/traverse@7.28.5 want: ^7.28.0
643 silly placeDep ROOT @babel/helper-string-parser@7.27.1 OK for: @babel/types@7.28.5 want: ^7.27.1
644 silly placeDep ROOT @jridgewell/sourcemap-codec@1.5.5 OK for: @jridgewell/gen-mapping@0.3.13 want: ^1.5.0
645 silly placeDep ROOT @jridgewell/resolve-uri@3.1.2 OK for: @jridgewell/trace-mapping@0.3.31 want: ^3.1.0
646 silly placeDep ROOT @types/babel__generator@7.27.0 OK for: @types/babel__core@7.20.5 want: *
647 silly placeDep ROOT @types/babel__template@7.4.4 OK for: @types/babel__core@7.20.5 want: *
648 silly placeDep ROOT @types/babel__traverse@7.28.0 OK for: @types/babel__core@7.20.5 want: *
649 silly fetch manifest browserslist@>= 4.21.0
650 silly packumentCache full:https://registry.npmjs.org/browserslist cache-miss
651 http cache https://registry.npmjs.org/browserslist 2ms (cache hit)
652 silly packumentCache full:https://registry.npmjs.org/browserslist set size:500962 disposed:false
653 silly placeDep ROOT baseline-browser-mapping@2.8.31 OK for: browserslist@4.28.0 want: ^2.8.25
654 silly placeDep ROOT caniuse-lite@1.0.30001757 OK for: browserslist@4.28.0 want: ^1.0.30001754
655 silly placeDep ROOT electron-to-chromium@1.5.259 OK for: browserslist@4.28.0 want: ^1.5.249
656 silly placeDep ROOT node-releases@2.0.27 OK for: browserslist@4.28.0 want: ^2.0.27
657 silly placeDep ROOT update-browserslist-db@1.1.4 OK for: browserslist@4.28.0 want: ^1.1.4
658 silly fetch manifest escalade@^3.2.0
659 silly packumentCache full:https://registry.npmjs.org/escalade cache-miss
660 http fetch GET 200 https://registry.npmjs.org/escalade 53ms (cache miss)
661 silly packumentCache full:https://registry.npmjs.org/escalade set size:undefined disposed:false
662 silly placeDep ROOT ms@2.1.3 OK for: debug@4.4.3 want: ^2.1.3
663 silly fetch manifest eslint@^6.0.0 || ^7.0.0 || >=8.0.0
664 silly packumentCache full:https://registry.npmjs.org/eslint cache-miss
665 http cache https://registry.npmjs.org/eslint 2ms (cache hit)
666 silly packumentCache full:https://registry.npmjs.org/eslint set size:1859273 disposed:false
667 silly fetch manifest jiti@*
668 silly packumentCache full:https://registry.npmjs.org/jiti cache-miss
669 http fetch GET 200 https://registry.npmjs.org/jiti 56ms (cache miss)
670 silly packumentCache full:https://registry.npmjs.org/jiti set size:undefined disposed:false
671 silly placeDep ROOT @eslint-community/eslint-utils@4.9.0 OK for: eslint@8.57.1 want: ^4.2.0
672 silly placeDep ROOT @eslint-community/regexpp@4.12.2 OK for: eslint@8.57.1 want: ^4.6.1
673 silly placeDep ROOT @eslint/eslintrc@2.1.4 OK for: eslint@8.57.1 want: ^2.1.4
674 silly placeDep ROOT @eslint/js@8.57.1 OK for: eslint@8.57.1 want: 8.57.1
675 silly placeDep ROOT @humanwhocodes/config-array@0.13.0 OK for: eslint@8.57.1 want: ^0.13.0
676 silly placeDep ROOT @humanwhocodes/module-importer@1.0.1 OK for: eslint@8.57.1 want: ^1.0.1
677 silly placeDep ROOT @nodelib/fs.walk@1.2.8 OK for: eslint@8.57.1 want: ^1.2.8
678 silly placeDep ROOT @ungap/structured-clone@1.3.0 OK for: eslint@8.57.1 want: ^1.2.0
679 silly placeDep ROOT ajv@6.12.6 OK for: eslint@8.57.1 want: ^6.12.4
680 silly placeDep ROOT chalk@4.1.2 OK for: eslint@8.57.1 want: ^4.0.0
681 silly placeDep ROOT cross-spawn@7.0.6 OK for: eslint@8.57.1 want: ^7.0.2
682 silly placeDep ROOT doctrine@3.0.0 OK for: eslint@8.57.1 want: ^3.0.0
683 silly placeDep ROOT escape-string-regexp@4.0.0 OK for: eslint@8.57.1 want: ^4.0.0
684 silly placeDep ROOT eslint-scope@7.2.2 OK for: eslint@8.57.1 want: ^7.2.2
685 silly placeDep ROOT eslint-visitor-keys@3.4.3 OK for: eslint@8.57.1 want: ^3.4.3
686 silly placeDep ROOT espree@9.6.1 OK for: eslint@8.57.1 want: ^9.6.1
687 silly placeDep ROOT esquery@1.6.0 OK for: eslint@8.57.1 want: ^1.4.2
688 silly placeDep ROOT esutils@2.0.3 OK for: eslint@8.57.1 want: ^2.0.2
689 silly placeDep ROOT fast-deep-equal@3.1.3 OK for: eslint@8.57.1 want: ^3.1.3
690 silly placeDep ROOT file-entry-cache@6.0.1 OK for: eslint@8.57.1 want: ^6.0.1
691 silly placeDep ROOT find-up@5.0.0 OK for: eslint@8.57.1 want: ^5.0.0
692 silly placeDep ROOT glob-parent@6.0.2 OK for: eslint@8.57.1 want: ^6.0.2
693 silly placeDep ROOT globals@13.24.0 OK for: eslint@8.57.1 want: ^13.19.0
694 silly placeDep ROOT graphemer@1.4.0 OK for: eslint@8.57.1 want: ^1.4.0
695 silly placeDep ROOT ignore@5.3.2 OK for: eslint@8.57.1 want: ^5.2.0
696 silly placeDep ROOT imurmurhash@0.1.4 OK for: eslint@8.57.1 want: ^0.1.4
697 silly placeDep ROOT is-glob@4.0.3 OK for: eslint@8.57.1 want: ^4.0.0
698 silly placeDep ROOT is-path-inside@3.0.3 OK for: eslint@8.57.1 want: ^3.0.3
699 silly placeDep ROOT js-yaml@4.1.1 OK for: eslint@8.57.1 want: ^4.1.0
700 silly placeDep ROOT json-stable-stringify-without-jsonify@1.0.1 OK for: eslint@8.57.1 want: ^1.0.1
701 silly placeDep ROOT levn@0.4.1 OK for: eslint@8.57.1 want: ^0.4.1
702 silly placeDep ROOT lodash.merge@4.6.2 OK for: eslint@8.57.1 want: ^4.6.2
703 silly placeDep ROOT minimatch@3.1.2 OK for: eslint@8.57.1 want: ^3.1.2
704 silly placeDep ROOT natural-compare@1.4.0 OK for: eslint@8.57.1 want: ^1.4.0
705 silly placeDep ROOT optionator@0.9.4 OK for: eslint@8.57.1 want: ^0.9.3
706 silly placeDep ROOT strip-ansi@6.0.1 OK for: eslint@8.57.1 want: ^6.0.1
707 silly placeDep ROOT text-table@0.2.0 OK for: eslint@8.57.1 want: ^0.2.0
708 silly fetch manifest espree@^9.6.0
709 silly packumentCache full:https://registry.npmjs.org/espree cache-miss
710 silly fetch manifest import-fresh@^3.2.1
711 silly packumentCache full:https://registry.npmjs.org/import-fresh cache-miss
712 silly fetch manifest strip-json-comments@^3.1.1
713 silly packumentCache full:https://registry.npmjs.org/strip-json-comments cache-miss
714 silly fetch manifest minimatch@^3.0.5
715 silly packumentCache full:https://registry.npmjs.org/minimatch cache-miss
716 silly fetch manifest @humanwhocodes/object-schema@^2.0.3
717 silly packumentCache full:https://registry.npmjs.org/@humanwhocodes%2fobject-schema cache-miss
718 silly fetch manifest fastq@^1.6.0
719 silly packumentCache full:https://registry.npmjs.org/fastq cache-miss
720 silly fetch manifest @nodelib/fs.scandir@2.1.5
721 silly packumentCache full:https://registry.npmjs.org/@nodelib%2ffs.scandir cache-miss
722 silly fetch manifest uri-js@^4.2.2
723 silly packumentCache full:https://registry.npmjs.org/uri-js cache-miss
724 silly fetch manifest fast-deep-equal@^3.1.1
725 silly packumentCache full:https://registry.npmjs.org/fast-deep-equal cache-miss
726 silly fetch manifest json-schema-traverse@^0.4.1
727 silly packumentCache full:https://registry.npmjs.org/json-schema-traverse cache-miss
728 silly fetch manifest fast-json-stable-stringify@^2.0.0
729 silly packumentCache full:https://registry.npmjs.org/fast-json-stable-stringify cache-miss
730 silly fetch manifest ansi-styles@^4.1.0
731 silly packumentCache full:https://registry.npmjs.org/ansi-styles cache-miss
732 silly fetch manifest supports-color@^7.1.0
733 silly packumentCache full:https://registry.npmjs.org/supports-color cache-miss
734 http cache https://registry.npmjs.org/minimatch 5ms (cache hit)
735 silly packumentCache full:https://registry.npmjs.org/minimatch set size:303959 disposed:false
736 silly fetch manifest which@^2.0.1
737 silly packumentCache full:https://registry.npmjs.org/which cache-miss
738 http cache https://registry.npmjs.org/fast-deep-equal 6ms (cache hit)
739 silly packumentCache full:https://registry.npmjs.org/fast-deep-equal set size:48634 disposed:false
740 silly fetch manifest path-key@^3.1.0
741 silly packumentCache full:https://registry.npmjs.org/path-key cache-miss
742 http cache https://registry.npmjs.org/espree 8ms (cache hit)
743 silly packumentCache full:https://registry.npmjs.org/espree set size:317497 disposed:false
744 silly fetch manifest shebang-command@^2.0.0
745 silly packumentCache full:https://registry.npmjs.org/shebang-command cache-miss
746 http fetch GET 200 https://registry.npmjs.org/fastq 49ms (cache miss)
747 silly packumentCache full:https://registry.npmjs.org/fastq set size:undefined disposed:false
748 silly fetch manifest esrecurse@^4.3.0
749 silly packumentCache full:https://registry.npmjs.org/esrecurse cache-miss
750 http fetch GET 200 https://registry.npmjs.org/path-key 47ms (cache miss)
751 silly packumentCache full:https://registry.npmjs.org/path-key set size:undefined disposed:false
752 silly fetch manifest estraverse@^5.2.0
753 silly packumentCache full:https://registry.npmjs.org/estraverse cache-miss
754 http fetch GET 200 https://registry.npmjs.org/ansi-styles 54ms (cache miss)
755 silly packumentCache full:https://registry.npmjs.org/ansi-styles set size:undefined disposed:false
756 silly fetch manifest acorn@^8.9.0
757 silly packumentCache full:https://registry.npmjs.org/acorn cache-miss
758 http fetch GET 200 https://registry.npmjs.org/strip-json-comments 59ms (cache miss)
759 silly packumentCache full:https://registry.npmjs.org/strip-json-comments set size:undefined disposed:false
760 silly fetch manifest acorn-jsx@^5.3.2
761 silly packumentCache full:https://registry.npmjs.org/acorn-jsx cache-miss
762 http cache https://registry.npmjs.org/estraverse 5ms (cache hit)
763 silly packumentCache full:https://registry.npmjs.org/estraverse set size:62412 disposed:false
764 silly fetch manifest estraverse@^5.1.0
765 silly packumentCache full:https://registry.npmjs.org/estraverse cache-hit
766 silly fetch manifest flat-cache@^3.0.4
767 silly packumentCache full:https://registry.npmjs.org/flat-cache cache-miss
768 http fetch GET 200 https://registry.npmjs.org/fast-json-stable-stringify 60ms (cache miss)
769 silly packumentCache full:https://registry.npmjs.org/fast-json-stable-stringify set size:undefined disposed:false
770 silly fetch manifest locate-path@^6.0.0
771 silly packumentCache full:https://registry.npmjs.org/locate-path cache-miss
772 http fetch GET 200 https://registry.npmjs.org/json-schema-traverse 61ms (cache miss)
773 silly packumentCache full:https://registry.npmjs.org/json-schema-traverse set size:undefined disposed:false
774 silly fetch manifest path-exists@^4.0.0
775 silly packumentCache full:https://registry.npmjs.org/path-exists cache-miss
776 http fetch GET 200 https://registry.npmjs.org/uri-js 65ms (cache miss)
777 silly packumentCache full:https://registry.npmjs.org/uri-js set size:undefined disposed:false
778 silly fetch manifest is-glob@^4.0.3
779 silly packumentCache full:https://registry.npmjs.org/is-glob cache-miss
780 http fetch GET 200 https://registry.npmjs.org/supports-color 66ms (cache miss)
781 silly packumentCache full:https://registry.npmjs.org/supports-color set size:undefined disposed:false
782 silly fetch manifest type-fest@^0.20.2
783 silly packumentCache full:https://registry.npmjs.org/type-fest cache-miss
784 http fetch GET 200 https://registry.npmjs.org/shebang-command 59ms (cache miss)
785 silly packumentCache full:https://registry.npmjs.org/shebang-command set size:undefined disposed:false
786 silly fetch manifest is-extglob@^2.1.1
787 silly packumentCache full:https://registry.npmjs.org/is-extglob cache-miss
788 http fetch GET 200 https://registry.npmjs.org/import-fresh 68ms (cache miss)
789 silly packumentCache full:https://registry.npmjs.org/import-fresh set size:undefined disposed:false
790 silly fetch manifest argparse@^2.0.1
791 silly packumentCache full:https://registry.npmjs.org/argparse cache-miss
792 http fetch GET 200 https://registry.npmjs.org/which 62ms (cache miss)
793 silly packumentCache full:https://registry.npmjs.org/which set size:undefined disposed:false
794 silly fetch manifest prelude-ls@^1.2.1
795 silly packumentCache full:https://registry.npmjs.org/prelude-ls cache-miss
796 http fetch GET 200 https://registry.npmjs.org/@nodelib%2ffs.scandir 70ms (cache miss)
797 silly packumentCache full:https://registry.npmjs.org/@nodelib%2ffs.scandir set size:undefined disposed:false
798 silly fetch manifest type-check@~0.4.0
799 silly packumentCache full:https://registry.npmjs.org/type-check cache-miss
800 http cache https://registry.npmjs.org/is-glob 5ms (cache hit)
801 silly packumentCache full:https://registry.npmjs.org/is-glob set size:40530 disposed:false
802 silly fetch manifest brace-expansion@^1.1.7
803 silly packumentCache full:https://registry.npmjs.org/brace-expansion cache-miss
804 http fetch GET 200 https://registry.npmjs.org/@humanwhocodes%2fobject-schema 73ms (cache miss)
805 silly packumentCache full:https://registry.npmjs.org/@humanwhocodes%2fobject-schema set size:undefined disposed:false
806 silly fetch manifest prelude-ls@^1.2.1
807 silly packumentCache full:https://registry.npmjs.org/prelude-ls cache-miss
808 http fetch GET 200 https://registry.npmjs.org/esrecurse 47ms (cache miss)
809 silly packumentCache full:https://registry.npmjs.org/esrecurse set size:undefined disposed:false
810 silly fetch manifest deep-is@^0.1.3
811 silly packumentCache full:https://registry.npmjs.org/deep-is cache-miss
812 http fetch GET 200 https://registry.npmjs.org/acorn 50ms (cache miss)
813 silly packumentCache full:https://registry.npmjs.org/acorn set size:undefined disposed:false
814 silly fetch manifest word-wrap@^1.2.5
815 silly packumentCache full:https://registry.npmjs.org/word-wrap cache-miss
816 http fetch GET 200 https://registry.npmjs.org/path-exists 49ms (cache miss)
817 silly packumentCache full:https://registry.npmjs.org/path-exists set size:undefined disposed:false
818 silly fetch manifest type-check@^0.4.0
819 silly packumentCache full:https://registry.npmjs.org/type-check cache-miss
820 http fetch GET 200 https://registry.npmjs.org/locate-path 50ms (cache miss)
821 silly packumentCache full:https://registry.npmjs.org/locate-path set size:undefined disposed:false
822 silly fetch manifest fast-levenshtein@^2.0.6
823 silly packumentCache full:https://registry.npmjs.org/fast-levenshtein cache-miss
824 http fetch GET 200 https://registry.npmjs.org/flat-cache 53ms (cache miss)
825 silly packumentCache full:https://registry.npmjs.org/flat-cache set size:undefined disposed:false
826 silly fetch manifest ansi-regex@^5.0.1
827 silly packumentCache full:https://registry.npmjs.org/ansi-regex cache-miss
828 http fetch GET 200 https://registry.npmjs.org/acorn-jsx 58ms (cache miss)
829 silly packumentCache full:https://registry.npmjs.org/acorn-jsx set size:undefined disposed:false
830 http fetch GET 200 https://registry.npmjs.org/prelude-ls 54ms (cache miss)
831 silly packumentCache full:https://registry.npmjs.org/prelude-ls set size:undefined disposed:false
832 http fetch GET 200 https://registry.npmjs.org/prelude-ls 54ms (cache miss)
833 silly packumentCache full:https://registry.npmjs.org/prelude-ls set size:undefined disposed:false
834 http fetch GET 200 https://registry.npmjs.org/is-extglob 60ms (cache miss)
835 silly packumentCache full:https://registry.npmjs.org/is-extglob set size:undefined disposed:false
836 http fetch GET 200 https://registry.npmjs.org/brace-expansion 63ms (cache miss)
837 silly packumentCache full:https://registry.npmjs.org/brace-expansion set size:undefined disposed:false
838 http fetch GET 200 https://registry.npmjs.org/argparse 71ms (cache miss)
839 silly packumentCache full:https://registry.npmjs.org/argparse set size:undefined disposed:false
840 http fetch GET 200 https://registry.npmjs.org/type-fest 76ms (cache miss)
841 silly packumentCache full:https://registry.npmjs.org/type-fest set size:undefined disposed:false
842 http fetch GET 200 https://registry.npmjs.org/word-wrap 49ms (cache miss)
843 silly packumentCache full:https://registry.npmjs.org/word-wrap set size:undefined disposed:false
844 http fetch GET 200 https://registry.npmjs.org/type-check 46ms (cache miss)
845 silly packumentCache full:https://registry.npmjs.org/type-check set size:undefined disposed:false
846 http fetch GET 200 https://registry.npmjs.org/type-check 87ms (cache miss)
847 silly packumentCache full:https://registry.npmjs.org/type-check set size:undefined disposed:false
848 http fetch GET 200 https://registry.npmjs.org/deep-is 61ms (cache miss)
849 silly packumentCache full:https://registry.npmjs.org/deep-is set size:undefined disposed:false
850 http fetch GET 200 https://registry.npmjs.org/fast-levenshtein 47ms (cache miss)
851 silly packumentCache full:https://registry.npmjs.org/fast-levenshtein set size:undefined disposed:false
852 http fetch GET 200 https://registry.npmjs.org/ansi-regex 56ms (cache miss)
853 silly packumentCache full:https://registry.npmjs.org/ansi-regex set size:undefined disposed:false
854 silly placeDep ROOT import-fresh@3.3.1 OK for: @eslint/eslintrc@2.1.4 want: ^3.2.1
855 silly placeDep ROOT strip-json-comments@3.1.1 OK for: @eslint/eslintrc@2.1.4 want: ^3.1.1
856 silly fetch manifest parent-module@^1.0.0
857 silly packumentCache full:https://registry.npmjs.org/parent-module cache-miss
858 silly fetch manifest resolve-from@^4.0.0
859 silly packumentCache full:https://registry.npmjs.org/resolve-from cache-miss
860 http fetch GET 200 https://registry.npmjs.org/resolve-from 54ms (cache miss)
861 silly packumentCache full:https://registry.npmjs.org/resolve-from set size:undefined disposed:false
862 http fetch GET 200 https://registry.npmjs.org/parent-module 54ms (cache miss)
863 silly packumentCache full:https://registry.npmjs.org/parent-module set size:undefined disposed:false
864 silly placeDep ROOT @humanwhocodes/object-schema@2.0.3 OK for: @humanwhocodes/config-array@0.13.0 want: ^2.0.3
865 silly placeDep ROOT @nodelib/fs.scandir@2.1.5 OK for: @nodelib/fs.walk@1.2.8 want: 2.1.5
866 silly placeDep ROOT fastq@1.19.1 OK for: @nodelib/fs.walk@1.2.8 want: ^1.6.0
867 silly fetch manifest run-parallel@^1.1.9
868 silly packumentCache full:https://registry.npmjs.org/run-parallel cache-miss
869 silly fetch manifest @nodelib/fs.stat@2.0.5
870 silly packumentCache full:https://registry.npmjs.org/@nodelib%2ffs.stat cache-miss
871 silly fetch manifest reusify@^1.0.4
872 silly packumentCache full:https://registry.npmjs.org/reusify cache-miss
873 http fetch GET 200 https://registry.npmjs.org/run-parallel 43ms (cache miss)
874 silly packumentCache full:https://registry.npmjs.org/run-parallel set size:undefined disposed:false
875 http fetch GET 200 https://registry.npmjs.org/reusify 47ms (cache miss)
876 silly packumentCache full:https://registry.npmjs.org/reusify set size:undefined disposed:false
877 http fetch GET 200 https://registry.npmjs.org/@nodelib%2ffs.stat 61ms (cache miss)
878 silly packumentCache full:https://registry.npmjs.org/@nodelib%2ffs.stat set size:undefined disposed:false
879 silly placeDep ROOT @nodelib/fs.stat@2.0.5 OK for: @nodelib/fs.scandir@2.1.5 want: 2.0.5
880 silly placeDep ROOT run-parallel@1.2.0 OK for: @nodelib/fs.scandir@2.1.5 want: ^1.1.9
881 silly fetch manifest queue-microtask@^1.2.2
882 silly packumentCache full:https://registry.npmjs.org/queue-microtask cache-miss
883 http fetch GET 200 https://registry.npmjs.org/queue-microtask 42ms (cache miss)
884 silly packumentCache full:https://registry.npmjs.org/queue-microtask set size:undefined disposed:false
885 silly placeDep ROOT fast-json-stable-stringify@2.1.0 OK for: ajv@6.12.6 want: ^2.0.0
886 silly placeDep ROOT json-schema-traverse@0.4.1 OK for: ajv@6.12.6 want: ^0.4.1
887 silly placeDep ROOT uri-js@4.4.1 OK for: ajv@6.12.6 want: ^4.2.2
888 silly fetch manifest punycode@^2.1.0
889 silly packumentCache full:https://registry.npmjs.org/punycode cache-miss
890 http fetch GET 200 https://registry.npmjs.org/punycode 67ms (cache miss)
891 silly packumentCache full:https://registry.npmjs.org/punycode set size:undefined disposed:false
892 silly placeDep ROOT ansi-styles@4.3.0 OK for: chalk@4.1.2 want: ^4.1.0
893 silly placeDep ROOT supports-color@7.2.0 OK for: chalk@4.1.2 want: ^7.1.0
894 silly fetch manifest color-convert@^2.0.1
895 silly packumentCache full:https://registry.npmjs.org/color-convert cache-miss
896 silly fetch manifest has-flag@^4.0.0
897 silly packumentCache full:https://registry.npmjs.org/has-flag cache-miss
898 http fetch GET 200 https://registry.npmjs.org/color-convert 43ms (cache miss)
899 silly packumentCache full:https://registry.npmjs.org/color-convert set size:undefined disposed:false
900 http fetch GET 200 https://registry.npmjs.org/has-flag 51ms (cache miss)
901 silly packumentCache full:https://registry.npmjs.org/has-flag set size:undefined disposed:false
902 silly placeDep ROOT color-convert@2.0.1 OK for: ansi-styles@4.3.0 want: ^2.0.1
903 silly fetch manifest color-name@~1.1.4
904 silly packumentCache full:https://registry.npmjs.org/color-name cache-miss
905 http fetch GET 200 https://registry.npmjs.org/color-name 153ms (cache miss)
906 silly packumentCache full:https://registry.npmjs.org/color-name set size:undefined disposed:false
907 silly placeDep ROOT color-name@1.1.4 OK for: color-convert@2.0.1 want: ~1.1.4
908 silly placeDep ROOT path-key@3.1.1 OK for: cross-spawn@7.0.6 want: ^3.1.0
909 silly placeDep ROOT shebang-command@2.0.0 OK for: cross-spawn@7.0.6 want: ^2.0.0
910 silly placeDep ROOT which@2.0.2 OK for: cross-spawn@7.0.6 want: ^2.0.1
911 silly fetch manifest shebang-regex@^3.0.0
912 silly packumentCache full:https://registry.npmjs.org/shebang-regex cache-miss
913 silly fetch manifest isexe@^2.0.0
914 silly packumentCache full:https://registry.npmjs.org/isexe cache-miss
915 http fetch GET 200 https://registry.npmjs.org/shebang-regex 47ms (cache miss)
916 silly packumentCache full:https://registry.npmjs.org/shebang-regex set size:undefined disposed:false
917 http fetch GET 200 https://registry.npmjs.org/isexe 50ms (cache miss)
918 silly packumentCache full:https://registry.npmjs.org/isexe set size:undefined disposed:false
919 silly placeDep ROOT array-includes@3.1.9 OK for: eslint-plugin-react@7.37.5 want: ^3.1.8
920 silly placeDep ROOT array.prototype.findlast@1.2.5 OK for: eslint-plugin-react@7.37.5 want: ^1.2.5
921 silly placeDep ROOT array.prototype.flatmap@1.3.3 OK for: eslint-plugin-react@7.37.5 want: ^1.3.3
922 silly placeDep ROOT array.prototype.tosorted@1.1.4 OK for: eslint-plugin-react@7.37.5 want: ^1.1.4
923 silly placeDep node_modules/eslint-plugin-react doctrine@2.1.0 OK for: eslint-plugin-react@7.37.5 want: ^2.1.0
924 silly placeDep ROOT es-iterator-helpers@1.2.1 OK for: eslint-plugin-react@7.37.5 want: ^1.2.1
925 silly placeDep ROOT estraverse@5.3.0 OK for: eslint-plugin-react@7.37.5 want: ^5.3.0
926 silly placeDep ROOT hasown@2.0.2 OK for: eslint-plugin-react@7.37.5 want: ^2.0.2
927 silly placeDep ROOT jsx-ast-utils@3.3.5 OK for: eslint-plugin-react@7.37.5 want: ^2.4.1 || ^3.0.0
928 silly placeDep ROOT object.entries@1.1.9 OK for: eslint-plugin-react@7.37.5 want: ^1.1.9
929 silly placeDep ROOT object.fromentries@2.0.8 OK for: eslint-plugin-react@7.37.5 want: ^2.0.8
930 silly placeDep ROOT object.values@1.2.1 OK for: eslint-plugin-react@7.37.5 want: ^1.2.1
931 silly placeDep ROOT prop-types@15.8.1 OK for: eslint-plugin-react@7.37.5 want: ^15.8.1
932 silly placeDep ROOT resolve@2.0.0-next.5 OK for: eslint-plugin-react@7.37.5 want: ^2.0.0-next.5
933 silly placeDep ROOT string.prototype.matchall@4.0.12 OK for: eslint-plugin-react@7.37.5 want: ^4.0.12
934 silly placeDep ROOT string.prototype.repeat@1.0.0 OK for: eslint-plugin-react@7.37.5 want: ^1.0.0
935 silly fetch manifest call-bind@^1.0.8
936 silly packumentCache full:https://registry.npmjs.org/call-bind cache-miss
937 silly fetch manifest call-bound@^1.0.4
938 silly packumentCache full:https://registry.npmjs.org/call-bound cache-miss
939 silly fetch manifest define-properties@^1.2.1
940 silly packumentCache full:https://registry.npmjs.org/define-properties cache-miss
941 silly fetch manifest es-abstract@^1.24.0
942 silly packumentCache full:https://registry.npmjs.org/es-abstract cache-miss
943 silly fetch manifest es-object-atoms@^1.1.1
944 silly packumentCache full:https://registry.npmjs.org/es-object-atoms cache-miss
945 silly fetch manifest get-intrinsic@^1.3.0
946 silly packumentCache full:https://registry.npmjs.org/get-intrinsic cache-miss
947 silly fetch manifest is-string@^1.1.1
948 silly packumentCache full:https://registry.npmjs.org/is-string cache-miss
949 silly fetch manifest math-intrinsics@^1.1.0
950 silly packumentCache full:https://registry.npmjs.org/math-intrinsics cache-miss
951 silly fetch manifest call-bind@^1.0.7
952 silly packumentCache full:https://registry.npmjs.org/call-bind cache-miss
953 silly fetch manifest define-properties@^1.2.1
954 silly packumentCache full:https://registry.npmjs.org/define-properties cache-miss
955 silly fetch manifest es-abstract@^1.23.2
956 silly packumentCache full:https://registry.npmjs.org/es-abstract cache-miss
957 silly fetch manifest es-errors@^1.3.0
958 silly packumentCache full:https://registry.npmjs.org/es-errors cache-miss
959 silly fetch manifest es-object-atoms@^1.0.0
960 silly packumentCache full:https://registry.npmjs.org/es-object-atoms cache-miss
961 http fetch GET 200 https://registry.npmjs.org/call-bind 45ms (cache miss)
962 silly packumentCache full:https://registry.npmjs.org/call-bind set size:undefined disposed:false
963 silly fetch manifest es-shim-unscopables@^1.0.2
964 silly packumentCache full:https://registry.npmjs.org/es-shim-unscopables cache-miss
965 http fetch GET 200 https://registry.npmjs.org/es-object-atoms 51ms (cache miss)
966 silly packumentCache full:https://registry.npmjs.org/es-object-atoms set size:undefined disposed:false
967 silly fetch manifest call-bind@^1.0.8
968 silly packumentCache full:https://registry.npmjs.org/call-bind cache-miss
969 http fetch GET 200 https://registry.npmjs.org/define-properties 50ms (cache miss)
970 silly packumentCache full:https://registry.npmjs.org/define-properties set size:undefined disposed:false
971 silly fetch manifest es-abstract@^1.23.5
972 silly packumentCache full:https://registry.npmjs.org/es-abstract cache-miss
973 http fetch GET 200 https://registry.npmjs.org/es-object-atoms 53ms (cache miss)
974 silly packumentCache full:https://registry.npmjs.org/es-object-atoms set size:undefined disposed:false
975 silly fetch manifest es-shim-unscopables@^1.0.2
976 silly packumentCache full:https://registry.npmjs.org/es-shim-unscopables cache-miss
977 http fetch GET 200 https://registry.npmjs.org/define-properties 54ms (cache miss)
978 silly packumentCache full:https://registry.npmjs.org/define-properties set size:undefined disposed:false
979 silly fetch manifest es-abstract@^1.23.3
980 silly packumentCache full:https://registry.npmjs.org/es-abstract cache-miss
981 http cache https://registry.npmjs.org/call-bind 5ms (cache hit)
982 silly packumentCache full:https://registry.npmjs.org/call-bind set size:30096 disposed:false
983 silly fetch manifest es-errors@^1.3.0
984 silly packumentCache full:https://registry.npmjs.org/es-errors cache-miss
985 http fetch GET 200 https://registry.npmjs.org/es-abstract 56ms (cache miss)
986 silly packumentCache full:https://registry.npmjs.org/es-abstract set size:undefined disposed:false
987 silly fetch manifest es-shim-unscopables@^1.0.2
988 silly packumentCache full:https://registry.npmjs.org/es-shim-unscopables cache-miss
989 http fetch GET 200 https://registry.npmjs.org/call-bind 59ms (cache miss)
990 silly packumentCache full:https://registry.npmjs.org/call-bind set size:undefined disposed:false
991 silly packumentCache full:https://registry.npmjs.org/call-bind dispose
992 silly fetch manifest call-bound@^1.0.3
993 silly packumentCache full:https://registry.npmjs.org/call-bound cache-miss
994 http fetch GET 200 https://registry.npmjs.org/es-abstract 63ms (cache miss)
995 silly packumentCache full:https://registry.npmjs.org/es-abstract set size:undefined disposed:false
996 silly fetch manifest es-abstract@^1.23.6
997 silly packumentCache full:https://registry.npmjs.org/es-abstract cache-miss
998 http fetch GET 200 https://registry.npmjs.org/es-errors 64ms (cache miss)
999 silly packumentCache full:https://registry.npmjs.org/es-errors set size:undefined disposed:false
1000 silly fetch manifest es-set-tostringtag@^2.0.3
1001 silly packumentCache full:https://registry.npmjs.org/es-set-tostringtag cache-miss
1002 http cache https://registry.npmjs.org/es-abstract 2ms (cache hit)
1003 silly packumentCache full:https://registry.npmjs.org/es-abstract set size:373045 disposed:false
1004 silly fetch manifest function-bind@^1.1.2
1005 silly packumentCache full:https://registry.npmjs.org/function-bind cache-miss
1006 http fetch GET 200 https://registry.npmjs.org/is-string 68ms (cache miss)
1007 silly packumentCache full:https://registry.npmjs.org/is-string set size:undefined disposed:false
1008 silly fetch manifest get-intrinsic@^1.2.6
1009 silly packumentCache full:https://registry.npmjs.org/get-intrinsic cache-miss
1010 http fetch GET 200 https://registry.npmjs.org/get-intrinsic 70ms (cache miss)
1011 silly packumentCache full:https://registry.npmjs.org/get-intrinsic set size:undefined disposed:false
1012 silly fetch manifest globalthis@^1.0.4
1013 silly packumentCache full:https://registry.npmjs.org/globalthis cache-miss
1014 http fetch GET 200 https://registry.npmjs.org/call-bound 71ms (cache miss)
1015 silly packumentCache full:https://registry.npmjs.org/call-bound set size:undefined disposed:false
1016 silly fetch manifest gopd@^1.2.0
1017 silly packumentCache full:https://registry.npmjs.org/gopd cache-miss
1018 http fetch GET 200 https://registry.npmjs.org/math-intrinsics 71ms (cache miss)
1019 silly packumentCache full:https://registry.npmjs.org/math-intrinsics set size:undefined disposed:false
1020 silly fetch manifest has-property-descriptors@^1.0.2
1021 silly packumentCache full:https://registry.npmjs.org/has-property-descriptors cache-miss
1022 http fetch GET 200 https://registry.npmjs.org/es-shim-unscopables 43ms (cache miss)
1023 silly packumentCache full:https://registry.npmjs.org/es-shim-unscopables set size:undefined disposed:false
1024 silly fetch manifest has-proto@^1.2.0
1025 silly packumentCache full:https://registry.npmjs.org/has-proto cache-miss
1026 http fetch GET 200 https://registry.npmjs.org/es-shim-unscopables 49ms (cache miss)
1027 silly packumentCache full:https://registry.npmjs.org/es-shim-unscopables set size:undefined disposed:false
1028 silly fetch manifest has-symbols@^1.1.0
1029 silly packumentCache full:https://registry.npmjs.org/has-symbols cache-miss
1030 http fetch GET 200 https://registry.npmjs.org/es-errors 53ms (cache miss)
1031 silly packumentCache full:https://registry.npmjs.org/es-errors set size:undefined disposed:false
1032 silly fetch manifest internal-slot@^1.1.0
1033 silly packumentCache full:https://registry.npmjs.org/internal-slot cache-miss
1034 http fetch GET 200 https://registry.npmjs.org/es-abstract 57ms (cache miss)
1035 silly packumentCache full:https://registry.npmjs.org/es-abstract set size:undefined disposed:false
1036 silly packumentCache full:https://registry.npmjs.org/es-abstract dispose
1037 silly fetch manifest iterator.prototype@^1.1.4
1038 silly packumentCache full:https://registry.npmjs.org/iterator.prototype cache-miss
1039 http fetch GET 200 https://registry.npmjs.org/es-abstract 58ms (cache miss)
1040 silly packumentCache full:https://registry.npmjs.org/es-abstract set size:undefined disposed:true
1041 silly fetch manifest safe-array-concat@^1.1.3
1042 silly packumentCache full:https://registry.npmjs.org/safe-array-concat cache-miss
1043 http fetch GET 200 https://registry.npmjs.org/es-shim-unscopables 55ms (cache miss)
1044 silly packumentCache full:https://registry.npmjs.org/es-shim-unscopables set size:undefined disposed:false
1045 silly fetch manifest function-bind@^1.1.2
1046 silly packumentCache full:https://registry.npmjs.org/function-bind cache-miss
1047 http fetch GET 200 https://registry.npmjs.org/call-bound 54ms (cache miss)
1048 silly packumentCache full:https://registry.npmjs.org/call-bound set size:undefined disposed:false
1049 silly fetch manifest array.prototype.flat@^1.3.1
1050 silly packumentCache full:https://registry.npmjs.org/array.prototype.flat cache-miss
1051 http fetch GET 200 https://registry.npmjs.org/es-set-tostringtag 49ms (cache miss)
1052 silly packumentCache full:https://registry.npmjs.org/es-set-tostringtag set size:undefined disposed:false
1053 silly fetch manifest object.assign@^4.1.4
1054 silly packumentCache full:https://registry.npmjs.org/object.assign cache-miss
1055 http fetch GET 200 https://registry.npmjs.org/gopd 44ms (cache miss)
1056 silly packumentCache full:https://registry.npmjs.org/gopd set size:undefined disposed:false
1057 silly fetch manifest object.values@^1.1.6
1058 silly packumentCache full:https://registry.npmjs.org/object.values cache-miss
1059 http cache https://registry.npmjs.org/object.values 0ms (cache hit)
1060 silly packumentCache full:https://registry.npmjs.org/object.values set size:49009 disposed:false
1061 silly fetch manifest loose-envify@^1.4.0
1062 silly packumentCache full:https://registry.npmjs.org/loose-envify cache-miss
1063 http fetch GET 200 https://registry.npmjs.org/get-intrinsic 49ms (cache miss)
1064 silly packumentCache full:https://registry.npmjs.org/get-intrinsic set size:undefined disposed:false
1065 silly fetch manifest object-assign@^4.1.1
1066 silly packumentCache full:https://registry.npmjs.org/object-assign cache-miss
1067 http cache https://registry.npmjs.org/loose-envify 2ms (cache hit)
1068 silly packumentCache full:https://registry.npmjs.org/loose-envify set size:12559 disposed:false
1069 silly fetch manifest react-is@^16.13.1
1070 silly packumentCache full:https://registry.npmjs.org/react-is cache-miss
1071 http fetch GET 200 https://registry.npmjs.org/has-property-descriptors 47ms (cache miss)
1072 silly packumentCache full:https://registry.npmjs.org/has-property-descriptors set size:undefined disposed:false
1073 silly fetch manifest path-parse@^1.0.7
1074 silly packumentCache full:https://registry.npmjs.org/path-parse cache-miss
1075 http fetch GET 200 https://registry.npmjs.org/function-bind 54ms (cache miss)
1076 silly packumentCache full:https://registry.npmjs.org/function-bind set size:undefined disposed:false
1077 silly fetch manifest is-core-module@^2.13.0
1078 silly packumentCache full:https://registry.npmjs.org/is-core-module cache-miss
1079 http fetch GET 200 https://registry.npmjs.org/globalthis 58ms (cache miss)
1080 silly packumentCache full:https://registry.npmjs.org/globalthis set size:undefined disposed:false
1081 silly fetch manifest supports-preserve-symlinks-flag@^1.0.0
1082 silly packumentCache full:https://registry.npmjs.org/supports-preserve-symlinks-flag cache-miss
1083 http fetch GET 200 https://registry.npmjs.org/has-proto 42ms (cache miss)
1084 silly packumentCache full:https://registry.npmjs.org/has-proto set size:undefined disposed:false
1085 silly fetch manifest has-symbols@^1.1.0
1086 silly packumentCache full:https://registry.npmjs.org/has-symbols cache-miss
1087 http fetch GET 200 https://registry.npmjs.org/function-bind 43ms (cache miss)
1088 silly packumentCache full:https://registry.npmjs.org/function-bind set size:undefined disposed:false
1089 silly fetch manifest internal-slot@^1.1.0
1090 silly packumentCache full:https://registry.npmjs.org/internal-slot cache-miss
1091 http fetch GET 200 https://registry.npmjs.org/iterator.prototype 48ms (cache miss)
1092 silly packumentCache full:https://registry.npmjs.org/iterator.prototype set size:undefined disposed:false
1093 silly fetch manifest regexp.prototype.flags@^1.5.3
1094 silly packumentCache full:https://registry.npmjs.org/regexp.prototype.flags cache-miss
1095 http fetch GET 200 https://registry.npmjs.org/has-symbols 57ms (cache miss)
1096 silly packumentCache full:https://registry.npmjs.org/has-symbols set size:undefined disposed:false
1097 silly fetch manifest set-function-name@^2.0.2
1098 silly packumentCache full:https://registry.npmjs.org/set-function-name cache-miss
1099 http fetch GET 200 https://registry.npmjs.org/internal-slot 54ms (cache miss)
1100 silly packumentCache full:https://registry.npmjs.org/internal-slot set size:undefined disposed:false
1101 silly fetch manifest side-channel@^1.1.0
1102 silly packumentCache full:https://registry.npmjs.org/side-channel cache-miss
1103 http fetch GET 200 https://registry.npmjs.org/object-assign 45ms (cache miss)
1104 silly packumentCache full:https://registry.npmjs.org/object-assign set size:undefined disposed:false
1105 silly fetch manifest define-properties@^1.1.3
1106 silly packumentCache full:https://registry.npmjs.org/define-properties cache-miss
1107 http cache https://registry.npmjs.org/define-properties 1ms (cache hit)
1108 silly packumentCache full:https://registry.npmjs.org/define-properties set size:31491 disposed:false
1109 silly fetch manifest es-abstract@^1.17.5
1110 silly packumentCache full:https://registry.npmjs.org/es-abstract cache-miss
1111 http cache https://registry.npmjs.org/es-abstract 1ms (cache hit)
1112 silly packumentCache full:https://registry.npmjs.org/es-abstract set size:373045 disposed:false
1113 http fetch GET 200 https://registry.npmjs.org/array.prototype.flat 55ms (cache miss)
1114 silly packumentCache full:https://registry.npmjs.org/array.prototype.flat set size:undefined disposed:false
1115 http fetch GET 200 https://registry.npmjs.org/is-core-module 48ms (cache miss)
1116 silly packumentCache full:https://registry.npmjs.org/is-core-module set size:undefined disposed:false
1117 http fetch GET 200 https://registry.npmjs.org/object.assign 60ms (cache miss)
1118 silly packumentCache full:https://registry.npmjs.org/object.assign set size:undefined disposed:false
1119 http fetch GET 200 https://registry.npmjs.org/safe-array-concat 62ms (cache miss)
1120 silly packumentCache full:https://registry.npmjs.org/safe-array-concat set size:undefined disposed:false
1121 http fetch GET 200 https://registry.npmjs.org/path-parse 61ms (cache miss)
1122 silly packumentCache full:https://registry.npmjs.org/path-parse set size:undefined disposed:false
1123 http fetch GET 200 https://registry.npmjs.org/has-symbols 64ms (cache miss)
1124 silly packumentCache full:https://registry.npmjs.org/has-symbols set size:undefined disposed:false
1125 http fetch GET 200 https://registry.npmjs.org/supports-preserve-symlinks-flag 71ms (cache miss)
1126 silly packumentCache full:https://registry.npmjs.org/supports-preserve-symlinks-flag set size:undefined disposed:false
1127 http fetch GET 200 https://registry.npmjs.org/internal-slot 54ms (cache miss)
1128 silly packumentCache full:https://registry.npmjs.org/internal-slot set size:undefined disposed:false
1129 http fetch GET 200 https://registry.npmjs.org/regexp.prototype.flags 70ms (cache miss)
1130 silly packumentCache full:https://registry.npmjs.org/regexp.prototype.flags set size:undefined disposed:false
1131 http fetch GET 200 https://registry.npmjs.org/side-channel 68ms (cache miss)
1132 silly packumentCache full:https://registry.npmjs.org/side-channel set size:undefined disposed:false
1133 http fetch GET 200 https://registry.npmjs.org/set-function-name 69ms (cache miss)
1134 silly packumentCache full:https://registry.npmjs.org/set-function-name set size:undefined disposed:false
1135 http fetch GET 200 https://registry.npmjs.org/react-is 156ms (cache miss)
1136 silly packumentCache full:https://registry.npmjs.org/react-is set size:undefined disposed:false
1137 silly placeDep ROOT call-bind@1.0.8 OK for: array-includes@3.1.9 want: ^1.0.8
1138 silly placeDep ROOT call-bound@1.0.4 OK for: array-includes@3.1.9 want: ^1.0.4
1139 silly placeDep ROOT define-properties@1.2.1 OK for: array-includes@3.1.9 want: ^1.2.1
1140 silly placeDep ROOT es-abstract@1.24.0 OK for: array-includes@3.1.9 want: ^1.24.0
1141 silly placeDep ROOT es-object-atoms@1.1.1 OK for: array-includes@3.1.9 want: ^1.1.1
1142 silly placeDep ROOT get-intrinsic@1.3.0 OK for: array-includes@3.1.9 want: ^1.3.0
1143 silly placeDep ROOT is-string@1.1.1 OK for: array-includes@3.1.9 want: ^1.1.1
1144 silly placeDep ROOT math-intrinsics@1.1.0 OK for: array-includes@3.1.9 want: ^1.1.0
1145 silly fetch manifest call-bind-apply-helpers@^1.0.0
1146 silly packumentCache full:https://registry.npmjs.org/call-bind-apply-helpers cache-miss
1147 silly fetch manifest es-define-property@^1.0.0
1148 silly packumentCache full:https://registry.npmjs.org/es-define-property cache-miss
1149 silly fetch manifest get-intrinsic@^1.2.4
1150 silly packumentCache full:https://registry.npmjs.org/get-intrinsic cache-miss
1151 silly fetch manifest set-function-length@^1.2.2
1152 silly packumentCache full:https://registry.npmjs.org/set-function-length cache-miss
1153 silly fetch manifest call-bind-apply-helpers@^1.0.2
1154 silly packumentCache full:https://registry.npmjs.org/call-bind-apply-helpers cache-miss
1155 silly fetch manifest define-data-property@^1.0.1
1156 silly packumentCache full:https://registry.npmjs.org/define-data-property cache-miss
1157 silly fetch manifest has-property-descriptors@^1.0.0
1158 silly packumentCache full:https://registry.npmjs.org/has-property-descriptors cache-miss
1159 silly fetch manifest object-keys@^1.1.1
1160 silly packumentCache full:https://registry.npmjs.org/object-keys cache-miss
1161 silly fetch manifest array-buffer-byte-length@^1.0.2
1162 silly packumentCache full:https://registry.npmjs.org/array-buffer-byte-length cache-miss
1163 silly fetch manifest arraybuffer.prototype.slice@^1.0.4
1164 silly packumentCache full:https://registry.npmjs.org/arraybuffer.prototype.slice cache-miss
1165 silly fetch manifest available-typed-arrays@^1.0.7
1166 silly packumentCache full:https://registry.npmjs.org/available-typed-arrays cache-miss
1167 silly fetch manifest data-view-buffer@^1.0.2
1168 silly packumentCache full:https://registry.npmjs.org/data-view-buffer cache-miss
1169 silly fetch manifest data-view-byte-length@^1.0.2
1170 silly packumentCache full:https://registry.npmjs.org/data-view-byte-length cache-miss
1171 http cache https://registry.npmjs.org/get-intrinsic 7ms (cache hit)
1172 silly packumentCache full:https://registry.npmjs.org/get-intrinsic set size:60985 disposed:false
1173 silly fetch manifest data-view-byte-offset@^1.0.1
1174 silly packumentCache full:https://registry.npmjs.org/data-view-byte-offset cache-miss
1175 http cache https://registry.npmjs.org/has-property-descriptors 8ms (cache hit)
1176 silly packumentCache full:https://registry.npmjs.org/has-property-descriptors set size:12452 disposed:false
1177 silly fetch manifest es-define-property@^1.0.1
1178 silly packumentCache full:https://registry.npmjs.org/es-define-property cache-miss
1179 http fetch GET 200 https://registry.npmjs.org/call-bind-apply-helpers 49ms (cache miss)
1180 silly packumentCache full:https://registry.npmjs.org/call-bind-apply-helpers set size:undefined disposed:false
1181 silly fetch manifest es-set-tostringtag@^2.1.0
1182 silly packumentCache full:https://registry.npmjs.org/es-set-tostringtag cache-miss
1183 http cache https://registry.npmjs.org/es-set-tostringtag 2ms (cache hit)
1184 silly packumentCache full:https://registry.npmjs.org/es-set-tostringtag set size:22094 disposed:false
1185 silly fetch manifest es-to-primitive@^1.3.0
1186 silly packumentCache full:https://registry.npmjs.org/es-to-primitive cache-miss
1187 http fetch GET 200 https://registry.npmjs.org/array-buffer-byte-length 51ms (cache miss)
1188 silly packumentCache full:https://registry.npmjs.org/array-buffer-byte-length set size:undefined disposed:false
1189 silly fetch manifest function.prototype.name@^1.1.8
1190 silly packumentCache full:https://registry.npmjs.org/function.prototype.name cache-miss
1191 http fetch GET 200 https://registry.npmjs.org/call-bind-apply-helpers 53ms (cache miss)
1192 silly packumentCache full:https://registry.npmjs.org/call-bind-apply-helpers set size:undefined disposed:false
1193 silly fetch manifest get-proto@^1.0.1
1194 silly packumentCache full:https://registry.npmjs.org/get-proto cache-miss
1195 http fetch GET 200 https://registry.npmjs.org/data-view-byte-length 53ms (cache miss)
1196 silly packumentCache full:https://registry.npmjs.org/data-view-byte-length set size:undefined disposed:false
1197 silly fetch manifest get-symbol-description@^1.1.0
1198 silly packumentCache full:https://registry.npmjs.org/get-symbol-description cache-miss
1199 http fetch GET 200 https://registry.npmjs.org/es-define-property 55ms (cache miss)
1200 silly packumentCache full:https://registry.npmjs.org/es-define-property set size:undefined disposed:false
1201 silly fetch manifest is-array-buffer@^3.0.5
1202 silly packumentCache full:https://registry.npmjs.org/is-array-buffer cache-miss
1203 http fetch GET 200 https://registry.npmjs.org/data-view-buffer 55ms (cache miss)
1204 silly packumentCache full:https://registry.npmjs.org/data-view-buffer set size:undefined disposed:false
1205 silly fetch manifest is-callable@^1.2.7
1206 silly packumentCache full:https://registry.npmjs.org/is-callable cache-miss
1207 http fetch GET 200 https://registry.npmjs.org/define-data-property 57ms (cache miss)
1208 silly packumentCache full:https://registry.npmjs.org/define-data-property set size:undefined disposed:false
1209 silly fetch manifest is-data-view@^1.0.2
1210 silly packumentCache full:https://registry.npmjs.org/is-data-view cache-miss
1211 http fetch GET 200 https://registry.npmjs.org/data-view-byte-offset 51ms (cache miss)
1212 silly packumentCache full:https://registry.npmjs.org/data-view-byte-offset set size:undefined disposed:false
1213 silly fetch manifest is-negative-zero@^2.0.3
1214 silly packumentCache full:https://registry.npmjs.org/is-negative-zero cache-miss
1215 http fetch GET 200 https://registry.npmjs.org/es-define-property 52ms (cache miss)
1216 silly packumentCache full:https://registry.npmjs.org/es-define-property set size:undefined disposed:false
1217 silly fetch manifest is-regex@^1.2.1
1218 silly packumentCache full:https://registry.npmjs.org/is-regex cache-miss
1219 http fetch GET 200 https://registry.npmjs.org/set-function-length 60ms (cache miss)
1220 silly packumentCache full:https://registry.npmjs.org/set-function-length set size:undefined disposed:false
1221 silly fetch manifest is-set@^2.0.3
1222 silly packumentCache full:https://registry.npmjs.org/is-set cache-miss
1223 http fetch GET 200 https://registry.npmjs.org/arraybuffer.prototype.slice 60ms (cache miss)
1224 silly packumentCache full:https://registry.npmjs.org/arraybuffer.prototype.slice set size:undefined disposed:false
1225 silly fetch manifest is-shared-array-buffer@^1.0.4
1226 silly packumentCache full:https://registry.npmjs.org/is-shared-array-buffer cache-miss
1227 http fetch GET 200 https://registry.npmjs.org/available-typed-arrays 61ms (cache miss)
1228 silly packumentCache full:https://registry.npmjs.org/available-typed-arrays set size:undefined disposed:false
1229 silly fetch manifest is-typed-array@^1.1.15
1230 silly packumentCache full:https://registry.npmjs.org/is-typed-array cache-miss
1231 http fetch GET 200 https://registry.npmjs.org/object-keys 71ms (cache miss)
1232 silly packumentCache full:https://registry.npmjs.org/object-keys set size:undefined disposed:false
1233 silly fetch manifest is-weakref@^1.1.1
1234 silly packumentCache full:https://registry.npmjs.org/is-weakref cache-miss
1235 http fetch GET 200 https://registry.npmjs.org/es-to-primitive 40ms (cache miss)
1236 silly packumentCache full:https://registry.npmjs.org/es-to-primitive set size:undefined disposed:false
1237 silly fetch manifest object-inspect@^1.13.4
1238 silly packumentCache full:https://registry.npmjs.org/object-inspect cache-miss
1239 http fetch GET 200 https://registry.npmjs.org/is-array-buffer 41ms (cache miss)
1240 silly packumentCache full:https://registry.npmjs.org/is-array-buffer set size:undefined disposed:false
1241 silly fetch manifest object.assign@^4.1.7
1242 silly packumentCache full:https://registry.npmjs.org/object.assign cache-miss
1243 http cache https://registry.npmjs.org/object.assign 1ms (cache hit)
1244 silly packumentCache full:https://registry.npmjs.org/object.assign set size:85907 disposed:false
1245 silly fetch manifest own-keys@^1.0.1
1246 silly packumentCache full:https://registry.npmjs.org/own-keys cache-miss
1247 http fetch GET 200 https://registry.npmjs.org/get-proto 46ms (cache miss)
1248 silly packumentCache full:https://registry.npmjs.org/get-proto set size:undefined disposed:false
1249 silly fetch manifest regexp.prototype.flags@^1.5.4
1250 silly packumentCache full:https://registry.npmjs.org/regexp.prototype.flags cache-miss
1251 http fetch GET 200 https://registry.npmjs.org/function.prototype.name 48ms (cache miss)
1252 silly packumentCache full:https://registry.npmjs.org/function.prototype.name set size:undefined disposed:false
1253 silly fetch manifest safe-push-apply@^1.0.0
1254 silly packumentCache full:https://registry.npmjs.org/safe-push-apply cache-miss
1255 http cache https://registry.npmjs.org/regexp.prototype.flags 2ms (cache hit)
1256 silly packumentCache full:https://registry.npmjs.org/regexp.prototype.flags set size:60621 disposed:false
1257 silly fetch manifest safe-regex-test@^1.1.0
1258 silly packumentCache full:https://registry.npmjs.org/safe-regex-test cache-miss
1259 http fetch GET 200 https://registry.npmjs.org/is-callable 46ms (cache miss)
1260 silly packumentCache full:https://registry.npmjs.org/is-callable set size:undefined disposed:false
1261 silly fetch manifest set-proto@^1.0.0
1262 silly packumentCache full:https://registry.npmjs.org/set-proto cache-miss
1263 http fetch GET 200 https://registry.npmjs.org/is-regex 47ms (cache miss)
1264 silly packumentCache full:https://registry.npmjs.org/is-regex set size:undefined disposed:false
1265 silly fetch manifest stop-iteration-iterator@^1.1.0
1266 silly packumentCache full:https://registry.npmjs.org/stop-iteration-iterator cache-miss
1267 http fetch GET 200 https://registry.npmjs.org/is-negative-zero 49ms (cache miss)
1268 silly packumentCache full:https://registry.npmjs.org/is-negative-zero set size:undefined disposed:false
1269 silly fetch manifest string.prototype.trim@^1.2.10
1270 silly packumentCache full:https://registry.npmjs.org/string.prototype.trim cache-miss
1271 http fetch GET 200 https://registry.npmjs.org/is-shared-array-buffer 55ms (cache miss)
1272 silly packumentCache full:https://registry.npmjs.org/is-shared-array-buffer set size:undefined disposed:false
1273 silly fetch manifest string.prototype.trimend@^1.0.9
1274 silly packumentCache full:https://registry.npmjs.org/string.prototype.trimend cache-miss
1275 http fetch GET 200 https://registry.npmjs.org/is-set 58ms (cache miss)
1276 silly packumentCache full:https://registry.npmjs.org/is-set set size:undefined disposed:false
1277 silly fetch manifest string.prototype.trimstart@^1.0.8
1278 silly packumentCache full:https://registry.npmjs.org/string.prototype.trimstart cache-miss
1279 http fetch GET 200 https://registry.npmjs.org/get-symbol-description 67ms (cache miss)
1280 silly packumentCache full:https://registry.npmjs.org/get-symbol-description set size:undefined disposed:false
1281 silly fetch manifest typed-array-buffer@^1.0.3
1282 silly packumentCache full:https://registry.npmjs.org/typed-array-buffer cache-miss
1283 http fetch GET 200 https://registry.npmjs.org/is-data-view 71ms (cache miss)
1284 silly packumentCache full:https://registry.npmjs.org/is-data-view set size:undefined disposed:false
1285 silly fetch manifest typed-array-byte-length@^1.0.3
1286 silly packumentCache full:https://registry.npmjs.org/typed-array-byte-length cache-miss
1287 http fetch GET 200 https://registry.npmjs.org/is-typed-array 67ms (cache miss)
1288 silly packumentCache full:https://registry.npmjs.org/is-typed-array set size:undefined disposed:false
1289 silly fetch manifest typed-array-byte-offset@^1.0.4
1290 silly packumentCache full:https://registry.npmjs.org/typed-array-byte-offset cache-miss
1291 http fetch GET 200 https://registry.npmjs.org/safe-push-apply 38ms (cache miss)
1292 silly packumentCache full:https://registry.npmjs.org/safe-push-apply set size:undefined disposed:false
1293 silly fetch manifest typed-array-length@^1.0.7
1294 silly packumentCache full:https://registry.npmjs.org/typed-array-length cache-miss
1295 http fetch GET 200 https://registry.npmjs.org/safe-regex-test 41ms (cache miss)
1296 silly packumentCache full:https://registry.npmjs.org/safe-regex-test set size:undefined disposed:false
1297 silly fetch manifest unbox-primitive@^1.1.0
1298 silly packumentCache full:https://registry.npmjs.org/unbox-primitive cache-miss
1299 http fetch GET 200 https://registry.npmjs.org/object-inspect 49ms (cache miss)
1300 silly packumentCache full:https://registry.npmjs.org/object-inspect set size:undefined disposed:false
1301 silly fetch manifest which-typed-array@^1.1.19
1302 silly packumentCache full:https://registry.npmjs.org/which-typed-array cache-miss
1303 http fetch GET 200 https://registry.npmjs.org/set-proto 43ms (cache miss)
1304 silly packumentCache full:https://registry.npmjs.org/set-proto set size:undefined disposed:false
1305 silly fetch manifest has-tostringtag@^1.0.2
1306 silly packumentCache full:https://registry.npmjs.org/has-tostringtag cache-miss
1307 http fetch GET 200 https://registry.npmjs.org/own-keys 51ms (cache miss)
1308 silly packumentCache full:https://registry.npmjs.org/own-keys set size:undefined disposed:false
1309 http fetch GET 200 https://registry.npmjs.org/string.prototype.trim 42ms (cache miss)
1310 silly packumentCache full:https://registry.npmjs.org/string.prototype.trim set size:undefined disposed:false
1311 http fetch GET 200 https://registry.npmjs.org/stop-iteration-iterator 49ms (cache miss)
1312 silly packumentCache full:https://registry.npmjs.org/stop-iteration-iterator set size:undefined disposed:false
1313 http fetch GET 200 https://registry.npmjs.org/string.prototype.trimend 46ms (cache miss)
1314 silly packumentCache full:https://registry.npmjs.org/string.prototype.trimend set size:undefined disposed:false
1315 http fetch GET 200 https://registry.npmjs.org/typed-array-buffer 41ms (cache miss)
1316 silly packumentCache full:https://registry.npmjs.org/typed-array-buffer set size:undefined disposed:false
1317 http fetch GET 200 https://registry.npmjs.org/typed-array-byte-length 44ms (cache miss)
1318 silly packumentCache full:https://registry.npmjs.org/typed-array-byte-length set size:undefined disposed:false
1319 http fetch GET 200 https://registry.npmjs.org/typed-array-length 43ms (cache miss)
1320 silly packumentCache full:https://registry.npmjs.org/typed-array-length set size:undefined disposed:false
1321 http fetch GET 200 https://registry.npmjs.org/is-weakref 112ms (cache miss)
1322 silly packumentCache full:https://registry.npmjs.org/is-weakref set size:undefined disposed:false
1323 http fetch GET 200 https://registry.npmjs.org/which-typed-array 42ms (cache miss)
1324 silly packumentCache full:https://registry.npmjs.org/which-typed-array set size:undefined disposed:false
1325 http fetch GET 200 https://registry.npmjs.org/unbox-primitive 45ms (cache miss)
1326 silly packumentCache full:https://registry.npmjs.org/unbox-primitive set size:undefined disposed:false
1327 http fetch GET 200 https://registry.npmjs.org/has-tostringtag 43ms (cache miss)
1328 silly packumentCache full:https://registry.npmjs.org/has-tostringtag set size:undefined disposed:false
1329 http fetch GET 200 https://registry.npmjs.org/typed-array-byte-offset 66ms (cache miss)
1330 silly packumentCache full:https://registry.npmjs.org/typed-array-byte-offset set size:undefined disposed:false
1331 http fetch GET 200 https://registry.npmjs.org/string.prototype.trimstart 77ms (cache miss)
1332 silly packumentCache full:https://registry.npmjs.org/string.prototype.trimstart set size:undefined disposed:false
1333 silly placeDep ROOT es-errors@1.3.0 OK for: array.prototype.findlast@1.2.5 want: ^1.3.0
1334 silly placeDep ROOT es-shim-unscopables@1.1.0 OK for: array.prototype.findlast@1.2.5 want: ^1.0.2
1335 silly placeDep ROOT call-bind-apply-helpers@1.0.2 OK for: call-bind@1.0.8 want: ^1.0.0
1336 silly placeDep ROOT es-define-property@1.0.1 OK for: call-bind@1.0.8 want: ^1.0.0
1337 silly placeDep ROOT set-function-length@1.2.2 OK for: call-bind@1.0.8 want: ^1.2.2
1338 silly fetch manifest define-data-property@^1.1.4
1339 silly packumentCache full:https://registry.npmjs.org/define-data-property cache-miss
1340 silly fetch manifest gopd@^1.0.1
1341 silly packumentCache full:https://registry.npmjs.org/gopd cache-miss
1342 http cache https://registry.npmjs.org/define-data-property 1ms (cache hit)
1343 silly packumentCache full:https://registry.npmjs.org/define-data-property set size:28048 disposed:false
1344 http cache https://registry.npmjs.org/gopd 1ms (cache hit)
1345 silly packumentCache full:https://registry.npmjs.org/gopd set size:11458 disposed:false
1346 silly placeDep ROOT function-bind@1.1.2 OK for: call-bind-apply-helpers@1.0.2 want: ^1.1.2
1347 silly placeDep ROOT define-data-property@1.1.4 OK for: define-properties@1.2.1 want: ^1.0.1
1348 silly placeDep ROOT has-property-descriptors@1.0.2 OK for: define-properties@1.2.1 want: ^1.0.0
1349 silly placeDep ROOT object-keys@1.1.1 OK for: define-properties@1.2.1 want: ^1.1.1
1350 silly placeDep ROOT gopd@1.2.0 OK for: define-data-property@1.1.4 want: ^1.0.1
1351 silly placeDep ROOT array-buffer-byte-length@1.0.2 OK for: es-abstract@1.24.0 want: ^1.0.2
1352 silly placeDep ROOT arraybuffer.prototype.slice@1.0.4 OK for: es-abstract@1.24.0 want: ^1.0.4
1353 silly placeDep ROOT available-typed-arrays@1.0.7 OK for: es-abstract@1.24.0 want: ^1.0.7
1354 silly placeDep ROOT data-view-buffer@1.0.2 OK for: es-abstract@1.24.0 want: ^1.0.2
1355 silly placeDep ROOT data-view-byte-length@1.0.2 OK for: es-abstract@1.24.0 want: ^1.0.2
1356 silly placeDep ROOT data-view-byte-offset@1.0.1 OK for: es-abstract@1.24.0 want: ^1.0.1
1357 silly placeDep ROOT es-set-tostringtag@2.1.0 OK for: es-abstract@1.24.0 want: ^2.1.0
1358 silly placeDep ROOT es-to-primitive@1.3.0 OK for: es-abstract@1.24.0 want: ^1.3.0
1359 silly placeDep ROOT function.prototype.name@1.1.8 OK for: es-abstract@1.24.0 want: ^1.1.8
1360 silly placeDep ROOT get-proto@1.0.1 OK for: es-abstract@1.24.0 want: ^1.0.1
1361 silly placeDep ROOT get-symbol-description@1.1.0 OK for: es-abstract@1.24.0 want: ^1.1.0
1362 silly placeDep ROOT globalthis@1.0.4 OK for: es-abstract@1.24.0 want: ^1.0.4
1363 silly placeDep ROOT has-proto@1.2.0 OK for: es-abstract@1.24.0 want: ^1.2.0
1364 silly placeDep ROOT has-symbols@1.1.0 OK for: es-abstract@1.24.0 want: ^1.1.0
1365 silly placeDep ROOT internal-slot@1.1.0 OK for: es-abstract@1.24.0 want: ^1.1.0
1366 silly placeDep ROOT is-array-buffer@3.0.5 OK for: es-abstract@1.24.0 want: ^3.0.5
1367 silly placeDep ROOT is-callable@1.2.7 OK for: es-abstract@1.24.0 want: ^1.2.7
1368 silly placeDep ROOT is-data-view@1.0.2 OK for: es-abstract@1.24.0 want: ^1.0.2
1369 silly placeDep ROOT is-negative-zero@2.0.3 OK for: es-abstract@1.24.0 want: ^2.0.3
1370 silly placeDep ROOT is-regex@1.2.1 OK for: es-abstract@1.24.0 want: ^1.2.1
1371 silly placeDep ROOT is-set@2.0.3 OK for: es-abstract@1.24.0 want: ^2.0.3
1372 silly placeDep ROOT is-shared-array-buffer@1.0.4 OK for: es-abstract@1.24.0 want: ^1.0.4
1373 silly placeDep ROOT is-typed-array@1.1.15 OK for: es-abstract@1.24.0 want: ^1.1.15
1374 silly placeDep ROOT is-weakref@1.1.1 OK for: es-abstract@1.24.0 want: ^1.1.1
1375 silly placeDep ROOT object-inspect@1.13.4 OK for: es-abstract@1.24.0 want: ^1.13.4
1376 silly placeDep ROOT object.assign@4.1.7 OK for: es-abstract@1.24.0 want: ^4.1.7
1377 silly placeDep ROOT own-keys@1.0.1 OK for: es-abstract@1.24.0 want: ^1.0.1
1378 silly placeDep ROOT regexp.prototype.flags@1.5.4 OK for: es-abstract@1.24.0 want: ^1.5.4
1379 silly placeDep ROOT safe-array-concat@1.1.3 OK for: es-abstract@1.24.0 want: ^1.1.3
1380 silly placeDep ROOT safe-push-apply@1.0.0 OK for: es-abstract@1.24.0 want: ^1.0.0
1381 silly placeDep ROOT safe-regex-test@1.1.0 OK for: es-abstract@1.24.0 want: ^1.1.0
1382 silly placeDep ROOT set-proto@1.0.0 OK for: es-abstract@1.24.0 want: ^1.0.0
1383 silly placeDep ROOT stop-iteration-iterator@1.1.0 OK for: es-abstract@1.24.0 want: ^1.1.0
1384 silly placeDep ROOT string.prototype.trim@1.2.10 OK for: es-abstract@1.24.0 want: ^1.2.10
1385 silly placeDep ROOT string.prototype.trimend@1.0.9 OK for: es-abstract@1.24.0 want: ^1.0.9
1386 silly placeDep ROOT string.prototype.trimstart@1.0.8 OK for: es-abstract@1.24.0 want: ^1.0.8
1387 silly placeDep ROOT typed-array-buffer@1.0.3 OK for: es-abstract@1.24.0 want: ^1.0.3
1388 silly placeDep ROOT typed-array-byte-length@1.0.3 OK for: es-abstract@1.24.0 want: ^1.0.3
1389 silly placeDep ROOT typed-array-byte-offset@1.0.4 OK for: es-abstract@1.24.0 want: ^1.0.4
1390 silly placeDep ROOT typed-array-length@1.0.7 OK for: es-abstract@1.24.0 want: ^1.0.7
1391 silly placeDep ROOT unbox-primitive@1.1.0 OK for: es-abstract@1.24.0 want: ^1.1.0
1392 silly placeDep ROOT which-typed-array@1.1.19 OK for: es-abstract@1.24.0 want: ^1.1.19
1393 silly fetch manifest is-array-buffer@^3.0.4
1394 silly packumentCache full:https://registry.npmjs.org/is-array-buffer cache-miss
1395 silly fetch manifest possible-typed-array-names@^1.0.0
1396 silly packumentCache full:https://registry.npmjs.org/possible-typed-array-names cache-miss
1397 silly fetch manifest is-data-view@^1.0.1
1398 silly packumentCache full:https://registry.npmjs.org/is-data-view cache-miss
1399 silly fetch manifest is-date-object@^1.0.5
1400 silly packumentCache full:https://registry.npmjs.org/is-date-object cache-miss
1401 silly fetch manifest is-symbol@^1.0.4
1402 silly packumentCache full:https://registry.npmjs.org/is-symbol cache-miss
1403 silly fetch manifest functions-have-names@^1.2.3
1404 silly packumentCache full:https://registry.npmjs.org/functions-have-names cache-miss
1405 silly fetch manifest dunder-proto@^1.0.1
1406 silly packumentCache full:https://registry.npmjs.org/dunder-proto cache-miss
1407 silly fetch manifest dunder-proto@^1.0.0
1408 silly packumentCache full:https://registry.npmjs.org/dunder-proto cache-miss
1409 silly fetch manifest is-typed-array@^1.1.13
1410 silly packumentCache full:https://registry.npmjs.org/is-typed-array cache-miss
1411 silly fetch manifest which-typed-array@^1.1.16
1412 silly packumentCache full:https://registry.npmjs.org/which-typed-array cache-miss
1413 silly fetch manifest isarray@^2.0.5
1414 silly packumentCache full:https://registry.npmjs.org/isarray cache-miss
1415 silly fetch manifest isarray@^2.0.5
1416 silly packumentCache full:https://registry.npmjs.org/isarray cache-miss
1417 silly fetch manifest dunder-proto@^1.0.1
1418 silly packumentCache full:https://registry.npmjs.org/dunder-proto cache-miss
1419 http cache https://registry.npmjs.org/is-typed-array 3ms (cache hit)
1420 silly packumentCache full:https://registry.npmjs.org/is-typed-array set size:79965 disposed:false
1421 silly fetch manifest for-each@^0.3.3
1422 silly packumentCache full:https://registry.npmjs.org/for-each cache-miss
1423 http cache https://registry.npmjs.org/is-data-view 4ms (cache hit)
1424 silly packumentCache full:https://registry.npmjs.org/is-data-view set size:13756 disposed:false
1425 silly fetch manifest for-each@^0.3.3
1426 silly packumentCache full:https://registry.npmjs.org/for-each cache-miss
1427 http cache https://registry.npmjs.org/which-typed-array 4ms (cache hit)
1428 silly packumentCache full:https://registry.npmjs.org/which-typed-array set size:89701 disposed:false
1429 silly fetch manifest reflect.getprototypeof@^1.0.9
1430 silly packumentCache full:https://registry.npmjs.org/reflect.getprototypeof cache-miss
1431 http cache https://registry.npmjs.org/is-array-buffer 6ms (cache hit)
1432 silly packumentCache full:https://registry.npmjs.org/is-array-buffer set size:33562 disposed:false
1433 silly fetch manifest for-each@^0.3.3
1434 silly packumentCache full:https://registry.npmjs.org/for-each cache-miss
1435 http fetch GET 200 https://registry.npmjs.org/possible-typed-array-names 41ms (cache miss)
1436 silly packumentCache full:https://registry.npmjs.org/possible-typed-array-names set size:undefined disposed:false
1437 silly fetch manifest reflect.getprototypeof@^1.0.6
1438 silly packumentCache full:https://registry.npmjs.org/reflect.getprototypeof cache-miss
1439 http fetch GET 200 https://registry.npmjs.org/dunder-proto 43ms (cache miss)
1440 silly packumentCache full:https://registry.npmjs.org/dunder-proto set size:undefined disposed:false
1441 silly fetch manifest has-bigints@^1.0.2
1442 silly packumentCache full:https://registry.npmjs.org/has-bigints cache-miss
1443 http fetch GET 200 https://registry.npmjs.org/dunder-proto 46ms (cache miss)
1444 silly packumentCache full:https://registry.npmjs.org/dunder-proto set size:undefined disposed:false
1445 silly fetch manifest which-boxed-primitive@^1.1.1
1446 silly packumentCache full:https://registry.npmjs.org/which-boxed-primitive cache-miss
1447 http fetch GET 200 https://registry.npmjs.org/for-each 44ms (cache miss)
1448 silly packumentCache full:https://registry.npmjs.org/for-each set size:undefined disposed:false
1449 silly fetch manifest for-each@^0.3.5
1450 silly packumentCache full:https://registry.npmjs.org/for-each cache-miss
1451 http fetch GET 200 https://registry.npmjs.org/is-date-object 48ms (cache miss)
1452 silly packumentCache full:https://registry.npmjs.org/is-date-object set size:undefined disposed:false
1453 http cache https://registry.npmjs.org/for-each 1ms (cache hit)
1454 silly packumentCache full:https://registry.npmjs.org/for-each set size:14327 disposed:false
1455 http fetch GET 200 https://registry.npmjs.org/is-symbol 51ms (cache miss)
1456 silly packumentCache full:https://registry.npmjs.org/is-symbol set size:undefined disposed:false
1457 http fetch GET 200 https://registry.npmjs.org/functions-have-names 54ms (cache miss)
1458 silly packumentCache full:https://registry.npmjs.org/functions-have-names set size:undefined disposed:false
1459 http fetch GET 200 https://registry.npmjs.org/for-each 50ms (cache miss)
1460 silly packumentCache full:https://registry.npmjs.org/for-each set size:undefined disposed:false
1461 silly packumentCache full:https://registry.npmjs.org/for-each dispose
1462 http fetch GET 200 https://registry.npmjs.org/reflect.getprototypeof 53ms (cache miss)
1463 silly packumentCache full:https://registry.npmjs.org/reflect.getprototypeof set size:undefined disposed:false
1464 http fetch GET 200 https://registry.npmjs.org/dunder-proto 63ms (cache miss)
1465 silly packumentCache full:https://registry.npmjs.org/dunder-proto set size:undefined disposed:false
1466 http fetch GET 200 https://registry.npmjs.org/isarray 66ms (cache miss)
1467 silly packumentCache full:https://registry.npmjs.org/isarray set size:undefined disposed:false
1468 http fetch GET 200 https://registry.npmjs.org/has-bigints 42ms (cache miss)
1469 silly packumentCache full:https://registry.npmjs.org/has-bigints set size:undefined disposed:false
1470 http fetch GET 200 https://registry.npmjs.org/reflect.getprototypeof 49ms (cache miss)
1471 silly packumentCache full:https://registry.npmjs.org/reflect.getprototypeof set size:undefined disposed:false
1472 http fetch GET 200 https://registry.npmjs.org/for-each 89ms (cache miss)
1473 silly packumentCache full:https://registry.npmjs.org/for-each set size:undefined disposed:true
1474 http fetch GET 200 https://registry.npmjs.org/which-boxed-primitive 54ms (cache miss)
1475 silly packumentCache full:https://registry.npmjs.org/which-boxed-primitive set size:undefined disposed:false
1476 http fetch GET 200 https://registry.npmjs.org/isarray 104ms (cache miss)
1477 silly packumentCache full:https://registry.npmjs.org/isarray set size:undefined disposed:false
1478 silly placeDep ROOT possible-typed-array-names@1.1.0 OK for: available-typed-arrays@1.0.7 want: ^1.0.0
1479 silly placeDep ROOT iterator.prototype@1.1.5 OK for: es-iterator-helpers@1.2.1 want: ^1.1.4
1480 silly placeDep ROOT has-tostringtag@1.0.2 OK for: es-set-tostringtag@2.1.0 want: ^1.0.2
1481 silly placeDep ROOT is-date-object@1.1.0 OK for: es-to-primitive@1.3.0 want: ^1.0.5
1482 silly placeDep ROOT is-symbol@1.1.1 OK for: es-to-primitive@1.3.0 want: ^1.0.4
1483 silly placeDep ROOT esrecurse@4.3.0 OK for: eslint-scope@7.2.2 want: ^4.3.0
1484 silly placeDep ROOT acorn@8.15.0 OK for: espree@9.6.1 want: ^8.9.0
1485 silly placeDep ROOT acorn-jsx@5.3.2 OK for: espree@9.6.1 want: ^5.3.2
1486 silly placeDep ROOT reusify@1.1.0 OK for: fastq@1.19.1 want: ^1.0.4
1487 silly placeDep ROOT flat-cache@3.2.0 OK for: file-entry-cache@6.0.1 want: ^3.0.4
1488 silly fetch manifest keyv@^4.5.3
1489 silly packumentCache full:https://registry.npmjs.org/keyv cache-miss
1490 silly fetch manifest rimraf@^3.0.2
1491 silly packumentCache full:https://registry.npmjs.org/rimraf cache-miss
1492 silly fetch manifest flatted@^3.2.9
1493 silly packumentCache full:https://registry.npmjs.org/flatted cache-miss
1494 http fetch GET 200 https://registry.npmjs.org/keyv 57ms (cache miss)
1495 silly packumentCache full:https://registry.npmjs.org/keyv set size:undefined disposed:false
1496 http fetch GET 200 https://registry.npmjs.org/rimraf 59ms (cache miss)
1497 silly packumentCache full:https://registry.npmjs.org/rimraf set size:undefined disposed:false
1498 http fetch GET 200 https://registry.npmjs.org/flatted 59ms (cache miss)
1499 silly packumentCache full:https://registry.npmjs.org/flatted set size:undefined disposed:false
1500 silly placeDep ROOT locate-path@6.0.0 OK for: find-up@5.0.0 want: ^6.0.0
1501 silly placeDep ROOT path-exists@4.0.0 OK for: find-up@5.0.0 want: ^4.0.0
1502 silly fetch manifest p-locate@^5.0.0
1503 silly packumentCache full:https://registry.npmjs.org/p-locate cache-miss
1504 http fetch GET 200 https://registry.npmjs.org/p-locate 52ms (cache miss)
1505 silly packumentCache full:https://registry.npmjs.org/p-locate set size:undefined disposed:false
1506 silly placeDep ROOT flatted@3.3.3 OK for: flat-cache@3.2.0 want: ^3.2.9
1507 silly placeDep ROOT keyv@4.5.4 OK for: flat-cache@3.2.0 want: ^4.5.3
1508 silly placeDep ROOT rimraf@3.0.2 OK for: flat-cache@3.2.0 want: ^3.0.2
1509 silly fetch manifest json-buffer@3.0.1
1510 silly packumentCache full:https://registry.npmjs.org/json-buffer cache-miss
1511 silly fetch manifest glob@^7.1.3
1512 silly packumentCache full:https://registry.npmjs.org/glob cache-miss
1513 http fetch GET 200 https://registry.npmjs.org/json-buffer 50ms (cache miss)
1514 silly packumentCache full:https://registry.npmjs.org/json-buffer set size:undefined disposed:false
1515 http fetch GET 200 https://registry.npmjs.org/glob 54ms (cache miss)
1516 silly packumentCache full:https://registry.npmjs.org/glob set size:undefined disposed:false
1517 silly placeDep ROOT @emotion/is-prop-valid@0.8.8 OK for: framer-motion@10.18.0 want: ^0.8.2
1518 silly placeDep ROOT tslib@2.8.1 OK for: framer-motion@10.18.0 want: ^2.4.0
1519 silly fetch manifest @emotion/memoize@0.7.4
1520 silly packumentCache full:https://registry.npmjs.org/@emotion%2fmemoize cache-miss
1521 http fetch GET 200 https://registry.npmjs.org/@emotion%2fmemoize 58ms (cache miss)
1522 silly packumentCache full:https://registry.npmjs.org/@emotion%2fmemoize set size:undefined disposed:false
1523 silly placeDep ROOT @emotion/memoize@0.7.4 OK for: @emotion/is-prop-valid@0.8.8 want: 0.7.4
1524 silly placeDep ROOT functions-have-names@1.2.3 OK for: function.prototype.name@1.1.8 want: ^1.2.3
1525 silly placeDep ROOT dunder-proto@1.0.1 OK for: get-proto@1.0.1 want: ^1.0.1
1526 silly placeDep ROOT type-fest@0.20.2 OK for: globals@13.24.0 want: ^0.20.2
1527 silly placeDep ROOT parent-module@1.0.1 OK for: import-fresh@3.3.1 want: ^1.0.0
1528 silly placeDep ROOT resolve-from@4.0.0 OK for: import-fresh@3.3.1 want: ^4.0.0
1529 silly fetch manifest callsites@^3.0.0
1530 silly packumentCache full:https://registry.npmjs.org/callsites cache-miss
1531 http fetch GET 200 https://registry.npmjs.org/callsites 44ms (cache miss)
1532 silly packumentCache full:https://registry.npmjs.org/callsites set size:undefined disposed:false
1533 silly placeDep ROOT side-channel@1.1.0 OK for: internal-slot@1.1.0 want: ^1.1.0
1534 silly fetch manifest side-channel-list@^1.0.0
1535 silly packumentCache full:https://registry.npmjs.org/side-channel-list cache-miss
1536 silly fetch manifest side-channel-map@^1.0.1
1537 silly packumentCache full:https://registry.npmjs.org/side-channel-map cache-miss
1538 silly fetch manifest side-channel-weakmap@^1.0.2
1539 silly packumentCache full:https://registry.npmjs.org/side-channel-weakmap cache-miss
1540 http fetch GET 200 https://registry.npmjs.org/side-channel-list 43ms (cache miss)
1541 silly packumentCache full:https://registry.npmjs.org/side-channel-list set size:undefined disposed:false
1542 http fetch GET 200 https://registry.npmjs.org/side-channel-map 45ms (cache miss)
1543 silly packumentCache full:https://registry.npmjs.org/side-channel-map set size:undefined disposed:false
1544 http fetch GET 200 https://registry.npmjs.org/side-channel-weakmap 52ms (cache miss)
1545 silly packumentCache full:https://registry.npmjs.org/side-channel-weakmap set size:undefined disposed:false
1546 silly placeDep ROOT is-extglob@2.1.1 OK for: is-glob@4.0.3 want: ^2.1.1
1547 silly placeDep ROOT set-function-name@2.0.2 OK for: iterator.prototype@1.1.5 want: ^2.0.2
1548 silly placeDep ROOT argparse@2.0.1 OK for: js-yaml@4.1.1 want: ^2.0.1
1549 silly placeDep ROOT array.prototype.flat@1.3.3 OK for: jsx-ast-utils@3.3.5 want: ^1.3.1
1550 silly placeDep ROOT json-buffer@3.0.1 OK for: keyv@4.5.4 want: 3.0.1
1551 silly placeDep ROOT prelude-ls@1.2.1 OK for: levn@0.4.1 want: ^1.2.1
1552 silly placeDep ROOT type-check@0.4.0 OK for: levn@0.4.1 want: ~0.4.0
1553 silly placeDep ROOT p-locate@5.0.0 OK for: locate-path@6.0.0 want: ^5.0.0
1554 silly fetch manifest p-limit@^3.0.2
1555 silly packumentCache full:https://registry.npmjs.org/p-limit cache-miss
1556 http fetch GET 200 https://registry.npmjs.org/p-limit 44ms (cache miss)
1557 silly packumentCache full:https://registry.npmjs.org/p-limit set size:undefined disposed:false
1558 silly placeDep ROOT yallist@3.1.1 OK for: lru-cache@5.1.1 want: ^3.0.2
1559 silly placeDep ROOT brace-expansion@1.1.12 OK for: minimatch@3.1.2 want: ^1.1.7
1560 silly fetch manifest balanced-match@^1.0.0
1561 silly packumentCache full:https://registry.npmjs.org/balanced-match cache-miss
1562 silly fetch manifest concat-map@0.0.1
1563 silly packumentCache full:https://registry.npmjs.org/concat-map cache-miss
1564 http fetch GET 200 https://registry.npmjs.org/balanced-match 50ms (cache miss)
1565 silly packumentCache full:https://registry.npmjs.org/balanced-match set size:undefined disposed:false
1566 http fetch GET 200 https://registry.npmjs.org/concat-map 51ms (cache miss)
1567 silly packumentCache full:https://registry.npmjs.org/concat-map set size:undefined disposed:false
1568 silly placeDep ROOT balanced-match@1.0.2 OK for: brace-expansion@1.1.12 want: ^1.0.0
1569 silly placeDep ROOT concat-map@0.0.1 OK for: brace-expansion@1.1.12 want: 0.0.1
1570 silly placeDep ROOT deep-is@0.1.4 OK for: optionator@0.9.4 want: ^0.1.3
1571 silly placeDep ROOT fast-levenshtein@2.0.6 OK for: optionator@0.9.4 want: ^2.0.6
1572 silly placeDep ROOT word-wrap@1.2.5 OK for: optionator@0.9.4 want: ^1.2.5
1573 silly placeDep ROOT p-limit@3.1.0 OK for: p-locate@5.0.0 want: ^3.0.2
1574 silly fetch manifest yocto-queue@^0.1.0
1575 silly packumentCache full:https://registry.npmjs.org/yocto-queue cache-miss
1576 http fetch GET 200 https://registry.npmjs.org/yocto-queue 53ms (cache miss)
1577 silly packumentCache full:https://registry.npmjs.org/yocto-queue set size:undefined disposed:false
1578 silly placeDep ROOT yocto-queue@0.1.0 OK for: p-limit@3.1.0 want: ^0.1.0
1579 silly placeDep ROOT callsites@3.1.0 OK for: parent-module@1.0.1 want: ^3.0.0
1580 silly placeDep ROOT loose-envify@1.4.0 OK for: prop-types@15.8.1 want: ^1.4.0
1581 silly placeDep ROOT object-assign@4.1.1 OK for: prop-types@15.8.1 want: ^4.1.1
1582 silly placeDep ROOT react-is@16.13.1 OK for: prop-types@15.8.1 want: ^16.13.1
1583 silly placeDep ROOT scheduler@0.23.2 OK for: react-dom@18.3.1 want: ^0.23.2
1584 silly placeDep ROOT is-core-module@2.16.1 OK for: resolve@2.0.0-next.5 want: ^2.13.0
1585 silly placeDep ROOT path-parse@1.0.7 OK for: resolve@2.0.0-next.5 want: ^1.0.7
1586 silly placeDep ROOT supports-preserve-symlinks-flag@1.0.0 OK for: resolve@2.0.0-next.5 want: ^1.0.0
1587 silly placeDep ROOT glob@7.2.3 OK for: rimraf@3.0.2 want: ^7.1.3
1588 silly fetch manifest once@^1.3.0
1589 silly packumentCache full:https://registry.npmjs.org/once cache-miss
1590 silly fetch manifest inflight@^1.0.4
1591 silly packumentCache full:https://registry.npmjs.org/inflight cache-miss
1592 silly fetch manifest inherits@2
1593 silly packumentCache full:https://registry.npmjs.org/inherits cache-miss
1594 silly fetch manifest fs.realpath@^1.0.0
1595 silly packumentCache full:https://registry.npmjs.org/fs.realpath cache-miss
1596 silly fetch manifest path-is-absolute@^1.0.0
1597 silly packumentCache full:https://registry.npmjs.org/path-is-absolute cache-miss
1598 http fetch GET 200 https://registry.npmjs.org/path-is-absolute 45ms (cache miss)
1599 silly packumentCache full:https://registry.npmjs.org/path-is-absolute set size:undefined disposed:false
1600 http fetch GET 200 https://registry.npmjs.org/once 52ms (cache miss)
1601 silly packumentCache full:https://registry.npmjs.org/once set size:undefined disposed:false
1602 http fetch GET 200 https://registry.npmjs.org/inherits 53ms (cache miss)
1603 silly packumentCache full:https://registry.npmjs.org/inherits set size:undefined disposed:false
1604 http fetch GET 200 https://registry.npmjs.org/inflight 53ms (cache miss)
1605 silly packumentCache full:https://registry.npmjs.org/inflight set size:undefined disposed:false
1606 http fetch GET 200 https://registry.npmjs.org/fs.realpath 55ms (cache miss)
1607 silly packumentCache full:https://registry.npmjs.org/fs.realpath set size:undefined disposed:false
1608 silly placeDep ROOT fs.realpath@1.0.0 OK for: glob@7.2.3 want: ^1.0.0
1609 silly placeDep ROOT inflight@1.0.6 OK for: glob@7.2.3 want: ^1.0.4
1610 silly placeDep ROOT inherits@2.0.4 OK for: glob@7.2.3 want: 2
1611 silly placeDep ROOT once@1.4.0 OK for: glob@7.2.3 want: ^1.3.0
1612 silly placeDep ROOT path-is-absolute@1.0.1 OK for: glob@7.2.3 want: ^1.0.0
1613 silly fetch manifest wrappy@1
1614 silly packumentCache full:https://registry.npmjs.org/wrappy cache-miss
1615 silly fetch manifest wrappy@1
1616 silly packumentCache full:https://registry.npmjs.org/wrappy cache-miss
1617 http fetch GET 200 https://registry.npmjs.org/wrappy 42ms (cache miss)
1618 silly packumentCache full:https://registry.npmjs.org/wrappy set size:undefined disposed:false
1619 http fetch GET 200 https://registry.npmjs.org/wrappy 42ms (cache miss)
1620 silly packumentCache full:https://registry.npmjs.org/wrappy set size:undefined disposed:false
1621 silly placeDep ROOT wrappy@1.0.2 OK for: inflight@1.0.6 want: 1
1622 silly placeDep ROOT queue-microtask@1.2.3 OK for: run-parallel@1.2.0 want: ^1.2.2
1623 silly placeDep ROOT isarray@2.0.5 OK for: safe-array-concat@1.1.3 want: ^2.0.5
1624 silly placeDep ROOT shebang-regex@3.0.0 OK for: shebang-command@2.0.0 want: ^3.0.0
1625 silly placeDep ROOT side-channel-list@1.0.0 OK for: side-channel@1.1.0 want: ^1.0.0
1626 silly placeDep ROOT side-channel-map@1.0.1 OK for: side-channel@1.1.0 want: ^1.0.1
1627 silly placeDep ROOT side-channel-weakmap@1.0.2 OK for: side-channel@1.1.0 want: ^1.0.2
1628 silly placeDep ROOT ansi-regex@5.0.1 OK for: strip-ansi@6.0.1 want: ^5.0.1
1629 silly placeDep ROOT has-flag@4.0.0 OK for: supports-color@7.2.0 want: ^4.0.0
1630 silly placeDep ROOT for-each@0.3.5 OK for: typed-array-byte-length@1.0.3 want: ^0.3.3
1631 silly placeDep ROOT reflect.getprototypeof@1.0.10 OK for: typed-array-byte-offset@1.0.4 want: ^1.0.9
1632 silly fetch manifest which-builtin-type@^1.2.1
1633 silly packumentCache full:https://registry.npmjs.org/which-builtin-type cache-miss
1634 http fetch GET 200 https://registry.npmjs.org/which-builtin-type 102ms (cache miss)
1635 silly packumentCache full:https://registry.npmjs.org/which-builtin-type set size:undefined disposed:false
1636 silly placeDep ROOT which-builtin-type@1.2.1 OK for: reflect.getprototypeof@1.0.10 want: ^1.2.1
1637 silly fetch manifest is-async-function@^2.0.0
1638 silly packumentCache full:https://registry.npmjs.org/is-async-function cache-miss
1639 silly fetch manifest is-finalizationregistry@^1.1.0
1640 silly packumentCache full:https://registry.npmjs.org/is-finalizationregistry cache-miss
1641 silly fetch manifest is-generator-function@^1.0.10
1642 silly packumentCache full:https://registry.npmjs.org/is-generator-function cache-miss
1643 silly fetch manifest which-boxed-primitive@^1.1.0
1644 silly packumentCache full:https://registry.npmjs.org/which-boxed-primitive cache-miss
1645 silly fetch manifest which-collection@^1.0.2
1646 silly packumentCache full:https://registry.npmjs.org/which-collection cache-miss
1647 http cache https://registry.npmjs.org/which-boxed-primitive 2ms (cache hit)
1648 silly packumentCache full:https://registry.npmjs.org/which-boxed-primitive set size:19407 disposed:false
1649 http fetch GET 200 https://registry.npmjs.org/is-finalizationregistry 48ms (cache miss)
1650 silly packumentCache full:https://registry.npmjs.org/is-finalizationregistry set size:undefined disposed:false
1651 http fetch GET 200 https://registry.npmjs.org/is-async-function 54ms (cache miss)
1652 silly packumentCache full:https://registry.npmjs.org/is-async-function set size:undefined disposed:false
1653 http fetch GET 200 https://registry.npmjs.org/is-generator-function 92ms (cache miss)
1654 silly packumentCache full:https://registry.npmjs.org/is-generator-function set size:undefined disposed:false
1655 http fetch GET 200 https://registry.npmjs.org/which-collection 123ms (cache miss)
1656 silly packumentCache full:https://registry.npmjs.org/which-collection set size:undefined disposed:false
1657 silly placeDep ROOT has-bigints@1.1.0 OK for: unbox-primitive@1.1.0 want: ^1.0.2
1658 silly placeDep ROOT which-boxed-primitive@1.1.1 OK for: unbox-primitive@1.1.0 want: ^1.1.1
1659 silly fetch manifest is-bigint@^1.1.0
1660 silly packumentCache full:https://registry.npmjs.org/is-bigint cache-miss
1661 silly fetch manifest is-boolean-object@^1.2.1
1662 silly packumentCache full:https://registry.npmjs.org/is-boolean-object cache-miss
1663 silly fetch manifest is-number-object@^1.1.1
1664 silly packumentCache full:https://registry.npmjs.org/is-number-object cache-miss
1665 http fetch GET 200 https://registry.npmjs.org/is-boolean-object 47ms (cache miss)
1666 silly packumentCache full:https://registry.npmjs.org/is-boolean-object set size:undefined disposed:false
1667 http fetch GET 200 https://registry.npmjs.org/is-number-object 52ms (cache miss)
1668 silly packumentCache full:https://registry.npmjs.org/is-number-object set size:undefined disposed:false
1669 http fetch GET 200 https://registry.npmjs.org/is-bigint 55ms (cache miss)
1670 silly packumentCache full:https://registry.npmjs.org/is-bigint set size:undefined disposed:false
1671 silly placeDep ROOT escalade@3.2.0 OK for: update-browserslist-db@1.1.4 want: ^3.2.0
1672 silly placeDep ROOT punycode@2.3.1 OK for: uri-js@4.4.1 want: ^2.1.0
1673 silly placeDep ROOT esbuild@0.21.5 OK for: vite@5.4.21 want: ^0.21.3
1674 silly placeDep ROOT fsevents@2.3.3 OK for: vite@5.4.21 want: ~2.3.3
1675 silly placeDep ROOT postcss@8.5.6 OK for: vite@5.4.21 want: ^8.4.43
1676 silly placeDep ROOT rollup@4.53.3 OK for: vite@5.4.21 want: ^4.20.0
1677 silly fetch manifest @esbuild/aix-ppc64@0.21.5
1678 silly packumentCache full:https://registry.npmjs.org/@esbuild%2faix-ppc64 cache-miss
1679 silly fetch manifest @esbuild/linux-arm@0.21.5
1680 silly packumentCache full:https://registry.npmjs.org/@esbuild%2flinux-arm cache-miss
1681 silly fetch manifest @esbuild/linux-x64@0.21.5
1682 silly packumentCache full:https://registry.npmjs.org/@esbuild%2flinux-x64 cache-miss
1683 silly fetch manifest @esbuild/sunos-x64@0.21.5
1684 silly packumentCache full:https://registry.npmjs.org/@esbuild%2fsunos-x64 cache-miss
1685 silly fetch manifest @esbuild/win32-x64@0.21.5
1686 silly packumentCache full:https://registry.npmjs.org/@esbuild%2fwin32-x64 cache-miss
1687 silly fetch manifest @esbuild/darwin-x64@0.21.5
1688 silly packumentCache full:https://registry.npmjs.org/@esbuild%2fdarwin-x64 cache-miss
1689 silly fetch manifest @esbuild/linux-ia32@0.21.5
1690 silly packumentCache full:https://registry.npmjs.org/@esbuild%2flinux-ia32 cache-miss
1691 silly fetch manifest @esbuild/netbsd-x64@0.21.5
1692 silly packumentCache full:https://registry.npmjs.org/@esbuild%2fnetbsd-x64 cache-miss
1693 silly fetch manifest @esbuild/win32-ia32@0.21.5
1694 silly packumentCache full:https://registry.npmjs.org/@esbuild%2fwin32-ia32 cache-miss
1695 silly fetch manifest @esbuild/android-arm@0.21.5
1696 silly packumentCache full:https://registry.npmjs.org/@esbuild%2fandroid-arm cache-miss
1697 silly fetch manifest @esbuild/android-x64@0.21.5
1698 silly packumentCache full:https://registry.npmjs.org/@esbuild%2fandroid-x64 cache-miss
1699 silly fetch manifest @esbuild/freebsd-x64@0.21.5
1700 silly packumentCache full:https://registry.npmjs.org/@esbuild%2ffreebsd-x64 cache-miss
1701 silly fetch manifest @esbuild/linux-arm64@0.21.5
1702 silly packumentCache full:https://registry.npmjs.org/@esbuild%2flinux-arm64 cache-miss
1703 http fetch GET 200 https://registry.npmjs.org/@esbuild%2fnetbsd-x64 63ms (cache miss)
1704 silly packumentCache full:https://registry.npmjs.org/@esbuild%2fnetbsd-x64 set size:undefined disposed:false
1705 silly fetch manifest @esbuild/linux-ppc64@0.21.5
1706 silly packumentCache full:https://registry.npmjs.org/@esbuild%2flinux-ppc64 cache-miss
1707 http fetch GET 200 https://registry.npmjs.org/@esbuild%2fwin32-x64 75ms (cache miss)
1708 silly packumentCache full:https://registry.npmjs.org/@esbuild%2fwin32-x64 set size:undefined disposed:false
1709 silly fetch manifest @esbuild/linux-s390x@0.21.5
1710 silly packumentCache full:https://registry.npmjs.org/@esbuild%2flinux-s390x cache-miss
1711 http fetch GET 200 https://registry.npmjs.org/@esbuild%2fandroid-x64 76ms (cache miss)
1712 silly packumentCache full:https://registry.npmjs.org/@esbuild%2fandroid-x64 set size:undefined disposed:false
1713 silly fetch manifest @esbuild/openbsd-x64@0.21.5
1714 silly packumentCache full:https://registry.npmjs.org/@esbuild%2fopenbsd-x64 cache-miss
1715 http fetch GET 200 https://registry.npmjs.org/@esbuild%2fsunos-x64 80ms (cache miss)
1716 silly packumentCache full:https://registry.npmjs.org/@esbuild%2fsunos-x64 set size:undefined disposed:false
1717 silly fetch manifest @esbuild/win32-arm64@0.21.5
1718 silly packumentCache full:https://registry.npmjs.org/@esbuild%2fwin32-arm64 cache-miss
1719 http fetch GET 200 https://registry.npmjs.org/@esbuild%2fwin32-ia32 81ms (cache miss)
1720 silly packumentCache full:https://registry.npmjs.org/@esbuild%2fwin32-ia32 set size:undefined disposed:false
1721 silly fetch manifest @esbuild/darwin-arm64@0.21.5
1722 silly packumentCache full:https://registry.npmjs.org/@esbuild%2fdarwin-arm64 cache-miss
1723 http fetch GET 200 https://registry.npmjs.org/@esbuild%2fandroid-arm 88ms (cache miss)
1724 silly packumentCache full:https://registry.npmjs.org/@esbuild%2fandroid-arm set size:undefined disposed:false
1725 silly fetch manifest @esbuild/android-arm64@0.21.5
1726 silly packumentCache full:https://registry.npmjs.org/@esbuild%2fandroid-arm64 cache-miss
1727 http fetch GET 200 https://registry.npmjs.org/@esbuild%2ffreebsd-x64 91ms (cache miss)
1728 silly packumentCache full:https://registry.npmjs.org/@esbuild%2ffreebsd-x64 set size:undefined disposed:false
1729 silly fetch manifest @esbuild/freebsd-arm64@0.21.5
1730 silly packumentCache full:https://registry.npmjs.org/@esbuild%2ffreebsd-arm64 cache-miss
1731 http fetch GET 200 https://registry.npmjs.org/@esbuild%2flinux-ia32 95ms (cache miss)
1732 silly packumentCache full:https://registry.npmjs.org/@esbuild%2flinux-ia32 set size:undefined disposed:false
1733 silly fetch manifest @esbuild/linux-loong64@0.21.5
1734 silly packumentCache full:https://registry.npmjs.org/@esbuild%2flinux-loong64 cache-miss
1735 http fetch GET 200 https://registry.npmjs.org/@esbuild%2flinux-arm 97ms (cache miss)
1736 silly packumentCache full:https://registry.npmjs.org/@esbuild%2flinux-arm set size:undefined disposed:false
1737 silly fetch manifest @esbuild/linux-riscv64@0.21.5
1738 silly packumentCache full:https://registry.npmjs.org/@esbuild%2flinux-riscv64 cache-miss
1739 http fetch GET 200 https://registry.npmjs.org/@esbuild%2fdarwin-x64 106ms (cache miss)
1740 silly packumentCache full:https://registry.npmjs.org/@esbuild%2fdarwin-x64 set size:undefined disposed:false
1741 silly fetch manifest @esbuild/linux-mips64el@0.21.5
1742 silly packumentCache full:https://registry.npmjs.org/@esbuild%2flinux-mips64el cache-miss
1743 http fetch GET 200 https://registry.npmjs.org/@esbuild%2flinux-x64 107ms (cache miss)
1744 silly packumentCache full:https://registry.npmjs.org/@esbuild%2flinux-x64 set size:undefined disposed:false
1745 silly fetch manifest nanoid@^3.3.11
1746 silly packumentCache full:https://registry.npmjs.org/nanoid cache-miss
1747 http fetch GET 200 https://registry.npmjs.org/@esbuild%2faix-ppc64 109ms (cache miss)
1748 silly packumentCache full:https://registry.npmjs.org/@esbuild%2faix-ppc64 set size:undefined disposed:false
1749 silly fetch manifest source-map-js@^1.2.1
1750 silly packumentCache full:https://registry.npmjs.org/source-map-js cache-miss
1751 http fetch GET 200 https://registry.npmjs.org/@esbuild%2flinux-arm64 113ms (cache miss)
1752 silly packumentCache full:https://registry.npmjs.org/@esbuild%2flinux-arm64 set size:undefined disposed:false
1753 silly fetch manifest @types/estree@1.0.8
1754 silly packumentCache full:https://registry.npmjs.org/@types%2festree cache-miss
1755 http fetch GET 200 https://registry.npmjs.org/@esbuild%2fdarwin-arm64 61ms (cache miss)
1756 silly packumentCache full:https://registry.npmjs.org/@esbuild%2fdarwin-arm64 set size:undefined disposed:false
1757 silly fetch manifest @rollup/rollup-darwin-arm64@4.53.3
1758 silly packumentCache full:https://registry.npmjs.org/@rollup%2frollup-darwin-arm64 cache-miss
1759 http fetch GET 200 https://registry.npmjs.org/@esbuild%2flinux-s390x 70ms (cache miss)
1760 silly packumentCache full:https://registry.npmjs.org/@esbuild%2flinux-s390x set size:undefined disposed:false
1761 silly fetch manifest @rollup/rollup-android-arm64@4.53.3
1762 silly packumentCache full:https://registry.npmjs.org/@rollup%2frollup-android-arm64 cache-miss
1763 http fetch GET 200 https://registry.npmjs.org/@esbuild%2flinux-ppc64 88ms (cache miss)
1764 silly packumentCache full:https://registry.npmjs.org/@esbuild%2flinux-ppc64 set size:undefined disposed:false
1765 silly fetch manifest @rollup/rollup-win32-arm64-msvc@4.53.3
1766 silly packumentCache full:https://registry.npmjs.org/@rollup%2frollup-win32-arm64-msvc cache-miss
1767 http fetch GET 200 https://registry.npmjs.org/@esbuild%2fandroid-arm64 69ms (cache miss)
1768 silly packumentCache full:https://registry.npmjs.org/@esbuild%2fandroid-arm64 set size:undefined disposed:false
1769 silly fetch manifest @rollup/rollup-freebsd-arm64@4.53.3
1770 silly packumentCache full:https://registry.npmjs.org/@rollup%2frollup-freebsd-arm64 cache-miss
1771 http fetch GET 200 https://registry.npmjs.org/@esbuild%2fopenbsd-x64 88ms (cache miss)
1772 silly packumentCache full:https://registry.npmjs.org/@esbuild%2fopenbsd-x64 set size:undefined disposed:false
1773 silly fetch manifest @rollup/rollup-linux-arm64-gnu@4.53.3
1774 silly packumentCache full:https://registry.npmjs.org/@rollup%2frollup-linux-arm64-gnu cache-miss
1775 http fetch GET 200 https://registry.npmjs.org/source-map-js 63ms (cache miss)
1776 silly packumentCache full:https://registry.npmjs.org/source-map-js set size:undefined disposed:false
1777 silly fetch manifest @rollup/rollup-linux-arm64-musl@4.53.3
1778 silly packumentCache full:https://registry.npmjs.org/@rollup%2frollup-linux-arm64-musl cache-miss
1779 http fetch GET 200 https://registry.npmjs.org/@esbuild%2flinux-mips64el 70ms (cache miss)
1780 silly packumentCache full:https://registry.npmjs.org/@esbuild%2flinux-mips64el set size:undefined disposed:false
1781 silly fetch manifest @rollup/rollup-android-arm-eabi@4.53.3
1782 silly packumentCache full:https://registry.npmjs.org/@rollup%2frollup-android-arm-eabi cache-miss
1783 http fetch GET 200 https://registry.npmjs.org/nanoid 71ms (cache miss)
1784 silly packumentCache full:https://registry.npmjs.org/nanoid set size:undefined disposed:false
1785 silly fetch manifest @rollup/rollup-linux-arm-gnueabihf@4.53.3
1786 silly packumentCache full:https://registry.npmjs.org/@rollup%2frollup-linux-arm-gnueabihf cache-miss
1787 http fetch GET 200 https://registry.npmjs.org/@types%2festree 66ms (cache miss)
1788 silly packumentCache full:https://registry.npmjs.org/@types%2festree set size:undefined disposed:false
1789 silly fetch manifest @rollup/rollup-linux-arm-musleabihf@4.53.3
1790 silly packumentCache full:https://registry.npmjs.org/@rollup%2frollup-linux-arm-musleabihf cache-miss
1791 http fetch GET 200 https://registry.npmjs.org/@esbuild%2flinux-riscv64 86ms (cache miss)
1792 silly packumentCache full:https://registry.npmjs.org/@esbuild%2flinux-riscv64 set size:undefined disposed:false
1793 silly fetch manifest @rollup/rollup-win32-ia32-msvc@4.53.3
1794 silly packumentCache full:https://registry.npmjs.org/@rollup%2frollup-win32-ia32-msvc cache-miss
1795 http fetch GET 200 https://registry.npmjs.org/@esbuild%2fwin32-arm64 108ms (cache miss)
1796 silly packumentCache full:https://registry.npmjs.org/@esbuild%2fwin32-arm64 set size:undefined disposed:false
1797 silly fetch manifest @rollup/rollup-linux-loong64-gnu@4.53.3
1798 silly packumentCache full:https://registry.npmjs.org/@rollup%2frollup-linux-loong64-gnu cache-miss
1799 http fetch GET 200 https://registry.npmjs.org/@esbuild%2flinux-loong64 102ms (cache miss)
1800 silly packumentCache full:https://registry.npmjs.org/@esbuild%2flinux-loong64 set size:undefined disposed:false
1801 silly fetch manifest @rollup/rollup-linux-riscv64-gnu@4.53.3
1802 silly packumentCache full:https://registry.npmjs.org/@rollup%2frollup-linux-riscv64-gnu cache-miss
1803 http fetch GET 200 https://registry.npmjs.org/@esbuild%2ffreebsd-arm64 107ms (cache miss)
1804 silly packumentCache full:https://registry.npmjs.org/@esbuild%2ffreebsd-arm64 set size:undefined disposed:false
1805 silly fetch manifest @rollup/rollup-linux-riscv64-musl@4.53.3
1806 silly packumentCache full:https://registry.npmjs.org/@rollup%2frollup-linux-riscv64-musl cache-miss
1807 http fetch GET 200 https://registry.npmjs.org/@rollup%2frollup-android-arm64 59ms (cache miss)
1808 silly packumentCache full:https://registry.npmjs.org/@rollup%2frollup-android-arm64 set size:undefined disposed:false
1809 silly fetch manifest @rollup/rollup-linux-ppc64-gnu@4.53.3
1810 silly packumentCache full:https://registry.npmjs.org/@rollup%2frollup-linux-ppc64-gnu cache-miss
1811 http fetch GET 200 https://registry.npmjs.org/@rollup%2frollup-darwin-arm64 65ms (cache miss)
1812 silly packumentCache full:https://registry.npmjs.org/@rollup%2frollup-darwin-arm64 set size:undefined disposed:false
1813 silly fetch manifest @rollup/rollup-linux-s390x-gnu@4.53.3
1814 silly packumentCache full:https://registry.npmjs.org/@rollup%2frollup-linux-s390x-gnu cache-miss
1815 http fetch GET 200 https://registry.npmjs.org/@rollup%2frollup-win32-arm64-msvc 76ms (cache miss)
1816 silly packumentCache full:https://registry.npmjs.org/@rollup%2frollup-win32-arm64-msvc set size:undefined disposed:false
1817 silly fetch manifest @rollup/rollup-darwin-x64@4.53.3
1818 silly packumentCache full:https://registry.npmjs.org/@rollup%2frollup-darwin-x64 cache-miss
1819 http fetch GET 200 https://registry.npmjs.org/@rollup%2frollup-linux-arm64-gnu 66ms (cache miss)
1820 silly packumentCache full:https://registry.npmjs.org/@rollup%2frollup-linux-arm64-gnu set size:undefined disposed:false
1821 silly fetch manifest @rollup/rollup-win32-x64-gnu@4.53.3
1822 silly packumentCache full:https://registry.npmjs.org/@rollup%2frollup-win32-x64-gnu cache-miss
1823 http fetch GET 200 https://registry.npmjs.org/@rollup%2frollup-freebsd-arm64 82ms (cache miss)
1824 silly packumentCache full:https://registry.npmjs.org/@rollup%2frollup-freebsd-arm64 set size:undefined disposed:false
1825 silly fetch manifest @rollup/rollup-win32-x64-msvc@4.53.3
1826 silly packumentCache full:https://registry.npmjs.org/@rollup%2frollup-win32-x64-msvc cache-miss
1827 http fetch GET 200 https://registry.npmjs.org/@rollup%2frollup-win32-ia32-msvc 60ms (cache miss)
1828 silly packumentCache full:https://registry.npmjs.org/@rollup%2frollup-win32-ia32-msvc set size:undefined disposed:false
1829 silly fetch manifest @rollup/rollup-freebsd-x64@4.53.3
1830 silly packumentCache full:https://registry.npmjs.org/@rollup%2frollup-freebsd-x64 cache-miss
1831 http fetch GET 200 https://registry.npmjs.org/@rollup%2frollup-linux-loong64-gnu 61ms (cache miss)
1832 silly packumentCache full:https://registry.npmjs.org/@rollup%2frollup-linux-loong64-gnu set size:undefined disposed:false
1833 silly fetch manifest @rollup/rollup-linux-x64-gnu@4.53.3
1834 silly packumentCache full:https://registry.npmjs.org/@rollup%2frollup-linux-x64-gnu cache-miss
1835 http fetch GET 200 https://registry.npmjs.org/@rollup%2frollup-linux-arm64-musl 78ms (cache miss)
1836 silly packumentCache full:https://registry.npmjs.org/@rollup%2frollup-linux-arm64-musl set size:undefined disposed:false
1837 silly fetch manifest @rollup/rollup-linux-x64-musl@4.53.3
1838 silly packumentCache full:https://registry.npmjs.org/@rollup%2frollup-linux-x64-musl cache-miss
1839 http fetch GET 200 https://registry.npmjs.org/@rollup%2frollup-linux-arm-musleabihf 79ms (cache miss)
1840 silly packumentCache full:https://registry.npmjs.org/@rollup%2frollup-linux-arm-musleabihf set size:undefined disposed:false
1841 silly fetch manifest @rollup/rollup-openharmony-arm64@4.53.3
1842 silly packumentCache full:https://registry.npmjs.org/@rollup%2frollup-openharmony-arm64 cache-miss
1843 http fetch GET 200 https://registry.npmjs.org/@rollup%2frollup-linux-riscv64-gnu 65ms (cache miss)
1844 silly packumentCache full:https://registry.npmjs.org/@rollup%2frollup-linux-riscv64-gnu set size:undefined disposed:false
1845 http fetch GET 200 https://registry.npmjs.org/@rollup%2frollup-android-arm-eabi 86ms (cache miss)
1846 silly packumentCache full:https://registry.npmjs.org/@rollup%2frollup-android-arm-eabi set size:undefined disposed:false
1847 http fetch GET 200 https://registry.npmjs.org/@rollup%2frollup-linux-s390x-gnu 59ms (cache miss)
1848 silly packumentCache full:https://registry.npmjs.org/@rollup%2frollup-linux-s390x-gnu set size:undefined disposed:false
1849 http fetch GET 200 https://registry.npmjs.org/@rollup%2frollup-linux-ppc64-gnu 66ms (cache miss)
1850 silly packumentCache full:https://registry.npmjs.org/@rollup%2frollup-linux-ppc64-gnu set size:undefined disposed:false
1851 http fetch GET 200 https://registry.npmjs.org/@rollup%2frollup-linux-arm-gnueabihf 95ms (cache miss)
1852 silly packumentCache full:https://registry.npmjs.org/@rollup%2frollup-linux-arm-gnueabihf set size:undefined disposed:false
1853 http fetch GET 200 https://registry.npmjs.org/@rollup%2frollup-linux-riscv64-musl 87ms (cache miss)
1854 silly packumentCache full:https://registry.npmjs.org/@rollup%2frollup-linux-riscv64-musl set size:undefined disposed:false
1855 http fetch GET 200 https://registry.npmjs.org/@rollup%2frollup-win32-x64-gnu 59ms (cache miss)
1856 silly packumentCache full:https://registry.npmjs.org/@rollup%2frollup-win32-x64-gnu set size:undefined disposed:false
1857 http fetch GET 200 https://registry.npmjs.org/@rollup%2frollup-darwin-x64 64ms (cache miss)
1858 silly packumentCache full:https://registry.npmjs.org/@rollup%2frollup-darwin-x64 set size:undefined disposed:false
1859 http fetch GET 200 https://registry.npmjs.org/@rollup%2frollup-linux-x64-gnu 59ms (cache miss)
1860 silly packumentCache full:https://registry.npmjs.org/@rollup%2frollup-linux-x64-gnu set size:undefined disposed:false
1861 http fetch GET 200 https://registry.npmjs.org/@rollup%2frollup-freebsd-x64 65ms (cache miss)
1862 silly packumentCache full:https://registry.npmjs.org/@rollup%2frollup-freebsd-x64 set size:undefined disposed:false
1863 http fetch GET 200 https://registry.npmjs.org/@rollup%2frollup-openharmony-arm64 70ms (cache miss)
1864 silly packumentCache full:https://registry.npmjs.org/@rollup%2frollup-openharmony-arm64 set size:undefined disposed:false
1865 http fetch GET 200 https://registry.npmjs.org/@rollup%2frollup-linux-x64-musl 84ms (cache miss)
1866 silly packumentCache full:https://registry.npmjs.org/@rollup%2frollup-linux-x64-musl set size:undefined disposed:false
1867 http fetch GET 200 https://registry.npmjs.org/@rollup%2frollup-win32-x64-msvc 95ms (cache miss)
1868 silly packumentCache full:https://registry.npmjs.org/@rollup%2frollup-win32-x64-msvc set size:undefined disposed:false
1869 silly placeDep ROOT @esbuild/aix-ppc64@0.21.5 OK for: esbuild@0.21.5 want: 0.21.5
1870 silly placeDep ROOT @esbuild/android-arm@0.21.5 OK for: esbuild@0.21.5 want: 0.21.5
1871 silly placeDep ROOT @esbuild/android-arm64@0.21.5 OK for: esbuild@0.21.5 want: 0.21.5
1872 silly placeDep ROOT @esbuild/android-x64@0.21.5 OK for: esbuild@0.21.5 want: 0.21.5
1873 silly placeDep ROOT @esbuild/darwin-arm64@0.21.5 OK for: esbuild@0.21.5 want: 0.21.5
1874 silly placeDep ROOT @esbuild/darwin-x64@0.21.5 OK for: esbuild@0.21.5 want: 0.21.5
1875 silly placeDep ROOT @esbuild/freebsd-arm64@0.21.5 OK for: esbuild@0.21.5 want: 0.21.5
1876 silly placeDep ROOT @esbuild/freebsd-x64@0.21.5 OK for: esbuild@0.21.5 want: 0.21.5
1877 silly placeDep ROOT @esbuild/linux-arm@0.21.5 OK for: esbuild@0.21.5 want: 0.21.5
1878 silly placeDep ROOT @esbuild/linux-arm64@0.21.5 OK for: esbuild@0.21.5 want: 0.21.5
1879 silly placeDep ROOT @esbuild/linux-ia32@0.21.5 OK for: esbuild@0.21.5 want: 0.21.5
1880 silly placeDep ROOT @esbuild/linux-loong64@0.21.5 OK for: esbuild@0.21.5 want: 0.21.5
1881 silly placeDep ROOT @esbuild/linux-mips64el@0.21.5 OK for: esbuild@0.21.5 want: 0.21.5
1882 silly placeDep ROOT @esbuild/linux-ppc64@0.21.5 OK for: esbuild@0.21.5 want: 0.21.5
1883 silly placeDep ROOT @esbuild/linux-riscv64@0.21.5 OK for: esbuild@0.21.5 want: 0.21.5
1884 silly placeDep ROOT @esbuild/linux-s390x@0.21.5 OK for: esbuild@0.21.5 want: 0.21.5
1885 silly placeDep ROOT @esbuild/linux-x64@0.21.5 OK for: esbuild@0.21.5 want: 0.21.5
1886 silly placeDep ROOT @esbuild/netbsd-x64@0.21.5 OK for: esbuild@0.21.5 want: 0.21.5
1887 silly placeDep ROOT @esbuild/openbsd-x64@0.21.5 OK for: esbuild@0.21.5 want: 0.21.5
1888 silly placeDep ROOT @esbuild/sunos-x64@0.21.5 OK for: esbuild@0.21.5 want: 0.21.5
1889 silly placeDep ROOT @esbuild/win32-arm64@0.21.5 OK for: esbuild@0.21.5 want: 0.21.5
1890 silly placeDep ROOT @esbuild/win32-ia32@0.21.5 OK for: esbuild@0.21.5 want: 0.21.5
1891 silly placeDep ROOT @esbuild/win32-x64@0.21.5 OK for: esbuild@0.21.5 want: 0.21.5
1892 silly placeDep ROOT nanoid@3.3.11 OK for: postcss@8.5.6 want: ^3.3.11
1893 silly placeDep ROOT source-map-js@1.2.1 OK for: postcss@8.5.6 want: ^1.2.1
1894 silly placeDep ROOT @rollup/rollup-android-arm-eabi@4.53.3 OK for: rollup@4.53.3 want: 4.53.3
1895 silly placeDep ROOT @rollup/rollup-android-arm64@4.53.3 OK for: rollup@4.53.3 want: 4.53.3
1896 silly placeDep ROOT @rollup/rollup-darwin-arm64@4.53.3 OK for: rollup@4.53.3 want: 4.53.3
1897 silly placeDep ROOT @rollup/rollup-darwin-x64@4.53.3 OK for: rollup@4.53.3 want: 4.53.3
1898 silly placeDep ROOT @rollup/rollup-freebsd-arm64@4.53.3 OK for: rollup@4.53.3 want: 4.53.3
1899 silly placeDep ROOT @rollup/rollup-freebsd-x64@4.53.3 OK for: rollup@4.53.3 want: 4.53.3
1900 silly placeDep ROOT @rollup/rollup-linux-arm-gnueabihf@4.53.3 OK for: rollup@4.53.3 want: 4.53.3
1901 silly placeDep ROOT @rollup/rollup-linux-arm-musleabihf@4.53.3 OK for: rollup@4.53.3 want: 4.53.3
1902 silly placeDep ROOT @rollup/rollup-linux-arm64-gnu@4.53.3 OK for: rollup@4.53.3 want: 4.53.3
1903 silly placeDep ROOT @rollup/rollup-linux-arm64-musl@4.53.3 OK for: rollup@4.53.3 want: 4.53.3
1904 silly placeDep ROOT @rollup/rollup-linux-loong64-gnu@4.53.3 OK for: rollup@4.53.3 want: 4.53.3
1905 silly placeDep ROOT @rollup/rollup-linux-ppc64-gnu@4.53.3 OK for: rollup@4.53.3 want: 4.53.3
1906 silly placeDep ROOT @rollup/rollup-linux-riscv64-gnu@4.53.3 OK for: rollup@4.53.3 want: 4.53.3
1907 silly placeDep ROOT @rollup/rollup-linux-riscv64-musl@4.53.3 OK for: rollup@4.53.3 want: 4.53.3
1908 silly placeDep ROOT @rollup/rollup-linux-s390x-gnu@4.53.3 OK for: rollup@4.53.3 want: 4.53.3
1909 silly placeDep ROOT @rollup/rollup-linux-x64-gnu@4.53.3 OK for: rollup@4.53.3 want: 4.53.3
1910 silly placeDep ROOT @rollup/rollup-linux-x64-musl@4.53.3 OK for: rollup@4.53.3 want: 4.53.3
1911 silly placeDep ROOT @rollup/rollup-openharmony-arm64@4.53.3 OK for: rollup@4.53.3 want: 4.53.3
1912 silly placeDep ROOT @rollup/rollup-win32-arm64-msvc@4.53.3 OK for: rollup@4.53.3 want: 4.53.3
1913 silly placeDep ROOT @rollup/rollup-win32-ia32-msvc@4.53.3 OK for: rollup@4.53.3 want: 4.53.3
1914 silly placeDep ROOT @rollup/rollup-win32-x64-gnu@4.53.3 OK for: rollup@4.53.3 want: 4.53.3
1915 silly placeDep ROOT @rollup/rollup-win32-x64-msvc@4.53.3 OK for: rollup@4.53.3 want: 4.53.3
1916 silly placeDep ROOT @types/estree@1.0.8 OK for: rollup@4.53.3 want: 1.0.8
1917 silly placeDep ROOT isexe@2.0.0 OK for: which@2.0.2 want: ^2.0.0
1918 silly placeDep ROOT is-bigint@1.1.0 OK for: which-boxed-primitive@1.1.1 want: ^1.1.0
1919 silly placeDep ROOT is-boolean-object@1.2.2 OK for: which-boxed-primitive@1.1.1 want: ^1.2.1
1920 silly placeDep ROOT is-number-object@1.1.1 OK for: which-boxed-primitive@1.1.1 want: ^1.1.1
1921 silly placeDep ROOT is-async-function@2.1.1 OK for: which-builtin-type@1.2.1 want: ^2.0.0
1922 silly placeDep ROOT is-finalizationregistry@1.1.1 OK for: which-builtin-type@1.2.1 want: ^1.1.0
1923 silly placeDep ROOT is-generator-function@1.1.2 OK for: which-builtin-type@1.2.1 want: ^1.0.10
1924 silly placeDep ROOT which-collection@1.0.2 OK for: which-builtin-type@1.2.1 want: ^1.0.2
1925 silly fetch manifest async-function@^1.0.0
1926 silly packumentCache full:https://registry.npmjs.org/async-function cache-miss
1927 silly fetch manifest generator-function@^2.0.0
1928 silly packumentCache full:https://registry.npmjs.org/generator-function cache-miss
1929 silly fetch manifest is-map@^2.0.3
1930 silly packumentCache full:https://registry.npmjs.org/is-map cache-miss
1931 silly fetch manifest is-weakmap@^2.0.2
1932 silly packumentCache full:https://registry.npmjs.org/is-weakmap cache-miss
1933 silly fetch manifest is-weakset@^2.0.3
1934 silly packumentCache full:https://registry.npmjs.org/is-weakset cache-miss
1935 http fetch GET 200 https://registry.npmjs.org/async-function 39ms (cache miss)
1936 silly packumentCache full:https://registry.npmjs.org/async-function set size:undefined disposed:false
1937 http fetch GET 200 https://registry.npmjs.org/is-weakset 41ms (cache miss)
1938 silly packumentCache full:https://registry.npmjs.org/is-weakset set size:undefined disposed:false
1939 http fetch GET 200 https://registry.npmjs.org/is-weakmap 46ms (cache miss)
1940 silly packumentCache full:https://registry.npmjs.org/is-weakmap set size:undefined disposed:false
1941 http fetch GET 200 https://registry.npmjs.org/is-map 50ms (cache miss)
1942 silly packumentCache full:https://registry.npmjs.org/is-map set size:undefined disposed:false
1943 http fetch GET 200 https://registry.npmjs.org/generator-function 61ms (cache miss)
1944 silly packumentCache full:https://registry.npmjs.org/generator-function set size:undefined disposed:false
1945 silly placeDep ROOT async-function@1.0.0 OK for: is-async-function@2.1.1 want: ^1.0.0
1946 silly placeDep ROOT generator-function@2.0.1 OK for: is-generator-function@1.1.2 want: ^2.0.0
1947 silly placeDep ROOT is-map@2.0.3 OK for: which-collection@1.0.2 want: ^2.0.3
1948 silly placeDep ROOT is-weakmap@2.0.2 OK for: which-collection@1.0.2 want: ^2.0.2
1949 silly placeDep ROOT is-weakset@2.0.4 OK for: which-collection@1.0.2 want: ^2.0.3
1950 silly reify moves {}
1951 silly audit bulk request {
1951 silly audit   '@types/react': [ '18.3.27' ],
1951 silly audit   '@types/react-dom': [ '18.3.7' ],
1951 silly audit   '@vitejs/plugin-react': [ '4.7.0' ],
1951 silly audit   vite: [ '5.4.21' ],
1951 silly audit   eslint: [ '8.57.1' ],
1951 silly audit   'eslint-plugin-react': [ '7.37.5' ],
1951 silly audit   'eslint-plugin-react-hooks': [ '4.6.2' ],
1951 silly audit   'eslint-plugin-react-refresh': [ '0.4.24' ],
1951 silly audit   'framer-motion': [ '10.18.0' ],
1951 silly audit   'lucide-react': [ '0.292.0' ],
1951 silly audit   react: [ '18.3.1' ],
1951 silly audit   'react-dom': [ '18.3.1' ],
1951 silly audit   '@types/prop-types': [ '15.7.15' ],
1951 silly audit   csstype: [ '3.2.3' ],
1951 silly audit   '@babel/core': [ '7.28.5' ],
1951 silly audit   '@babel/plugin-transform-react-jsx-self': [ '7.27.1' ],
1951 silly audit   '@babel/plugin-transform-react-jsx-source': [ '7.27.1' ],
1951 silly audit   '@rolldown/pluginutils': [ '1.0.0-beta.27' ],
1951 silly audit   '@types/babel__core': [ '7.20.5' ],
1951 silly audit   'react-refresh': [ '0.17.0' ],
1951 silly audit   '@babel/code-frame': [ '7.27.1' ],
1951 silly audit   '@babel/generator': [ '7.28.5' ],
1951 silly audit   '@babel/helper-compilation-targets': [ '7.27.2' ],
1951 silly audit   '@babel/helper-module-transforms': [ '7.28.3' ],
1951 silly audit   '@babel/helpers': [ '7.28.4' ],
1951 silly audit   '@babel/parser': [ '7.28.5' ],
1951 silly audit   '@babel/template': [ '7.27.2' ],
1951 silly audit   '@babel/traverse': [ '7.28.5' ],
1951 silly audit   '@babel/types': [ '7.28.5' ],
1951 silly audit   '@jridgewell/remapping': [ '2.3.5' ],
1951 silly audit   'convert-source-map': [ '2.0.0' ],
1951 silly audit   debug: [ '4.4.3' ],
1951 silly audit   gensync: [ '1.0.0-beta.2' ],
1951 silly audit   json5: [ '2.2.3' ],
1951 silly audit   semver: [ '6.3.1' ],
1951 silly audit   '@babel/helper-validator-identifier': [ '7.28.5' ],
1951 silly audit   'js-tokens': [ '4.0.0' ],
1951 silly audit   picocolors: [ '1.1.1' ],
1951 silly audit   '@jridgewell/gen-mapping': [ '0.3.13' ],
1951 silly audit   '@jridgewell/trace-mapping': [ '0.3.31' ],
1951 silly audit   jsesc: [ '3.1.0' ],
1951 silly audit   '@babel/compat-data': [ '7.28.5' ],
1951 silly audit   '@babel/helper-validator-option': [ '7.27.1' ],
1951 silly audit   browserslist: [ '4.28.0' ],
1951 silly audit   'lru-cache': [ '5.1.1' ],
1951 silly audit   '@babel/helper-module-imports': [ '7.27.1' ],
1951 silly audit   '@babel/helper-plugin-utils': [ '7.27.1' ],
1951 silly audit   '@babel/helper-globals': [ '7.28.0' ],
1951 silly audit   '@babel/helper-string-parser': [ '7.27.1' ],
1951 silly audit   '@jridgewell/sourcemap-codec': [ '1.5.5' ],
1951 silly audit   '@jridgewell/resolve-uri': [ '3.1.2' ],
1951 silly audit   '@types/babel__generator': [ '7.27.0' ],
1951 silly audit   '@types/babel__template': [ '7.4.4' ],
1951 silly audit   '@types/babel__traverse': [ '7.28.0' ],
1951 silly audit   'baseline-browser-mapping': [ '2.8.31' ],
1951 silly audit   'caniuse-lite': [ '1.0.30001757' ],
1951 silly audit   'electron-to-chromium': [ '1.5.259' ],
1951 silly audit   'node-releases': [ '2.0.27' ],
1951 silly audit   'update-browserslist-db': [ '1.1.4' ],
1951 silly audit   ms: [ '2.1.3' ],
1951 silly audit   '@eslint-community/eslint-utils': [ '4.9.0' ],
1951 silly audit   '@eslint-community/regexpp': [ '4.12.2' ],
1951 silly audit   '@eslint/eslintrc': [ '2.1.4' ],
1951 silly audit   '@eslint/js': [ '8.57.1' ],
1951 silly audit   '@humanwhocodes/config-array': [ '0.13.0' ],
1951 silly audit   '@humanwhocodes/module-importer': [ '1.0.1' ],
1951 silly audit   '@nodelib/fs.walk': [ '1.2.8' ],
1951 silly audit   '@ungap/structured-clone': [ '1.3.0' ],
1951 silly audit   ajv: [ '6.12.6' ],
1951 silly audit   chalk: [ '4.1.2' ],
1951 silly audit   'cross-spawn': [ '7.0.6' ],
1951 silly audit   doctrine: [ '3.0.0', '2.1.0' ],
1951 silly audit   'escape-string-regexp': [ '4.0.0' ],
1951 silly audit   'eslint-scope': [ '7.2.2' ],
1951 silly audit   'eslint-visitor-keys': [ '3.4.3' ],
1951 silly audit   espree: [ '9.6.1' ],
1951 silly audit   esquery: [ '1.6.0' ],
1951 silly audit   esutils: [ '2.0.3' ],
1951 silly audit   'fast-deep-equal': [ '3.1.3' ],
1951 silly audit   'file-entry-cache': [ '6.0.1' ],
1951 silly audit   'find-up': [ '5.0.0' ],
1951 silly audit   'glob-parent': [ '6.0.2' ],
1951 silly audit   globals: [ '13.24.0' ],
1951 silly audit   graphemer: [ '1.4.0' ],
1951 silly audit   ignore: [ '5.3.2' ],
1951 silly audit   imurmurhash: [ '0.1.4' ],
1951 silly audit   'is-glob': [ '4.0.3' ],
1951 silly audit   'is-path-inside': [ '3.0.3' ],
1951 silly audit   'js-yaml': [ '4.1.1' ],
1951 silly audit   'json-stable-stringify-without-jsonify': [ '1.0.1' ],
1951 silly audit   levn: [ '0.4.1' ],
1951 silly audit   'lodash.merge': [ '4.6.2' ],
1951 silly audit   minimatch: [ '3.1.2' ],
1951 silly audit   'natural-compare': [ '1.4.0' ],
1951 silly audit   optionator: [ '0.9.4' ],
1951 silly audit   'strip-ansi': [ '6.0.1' ],
1951 silly audit   'text-table': [ '0.2.0' ],
1951 silly audit   'import-fresh': [ '3.3.1' ],
1951 silly audit   'strip-json-comments': [ '3.1.1' ],
1951 silly audit   '@humanwhocodes/object-schema': [ '2.0.3' ],
1951 silly audit   '@nodelib/fs.scandir': [ '2.1.5' ],
1951 silly audit   fastq: [ '1.19.1' ],
1951 silly audit   '@nodelib/fs.stat': [ '2.0.5' ],
1951 silly audit   'run-parallel': [ '1.2.0' ],
1951 silly audit   'fast-json-stable-stringify': [ '2.1.0' ],
1951 silly audit   'json-schema-traverse': [ '0.4.1' ],
1951 silly audit   'uri-js': [ '4.4.1' ],
1951 silly audit   'ansi-styles': [ '4.3.0' ],
1951 silly audit   'supports-color': [ '7.2.0' ],
1951 silly audit   'color-convert': [ '2.0.1' ],
1951 silly audit   'color-name': [ '1.1.4' ],
1951 silly audit   'path-key': [ '3.1.1' ],
1951 silly audit   'shebang-command': [ '2.0.0' ],
1951 silly audit   which: [ '2.0.2' ],
1951 silly audit   'array-includes': [ '3.1.9' ],
1951 silly audit   'array.prototype.findlast': [ '1.2.5' ],
1951 silly audit   'array.prototype.flatmap': [ '1.3.3' ],
1951 silly audit   'array.prototype.tosorted': [ '1.1.4' ],
1951 silly audit   'es-iterator-helpers': [ '1.2.1' ],
1951 silly audit   estraverse: [ '5.3.0' ],
1951 silly audit   hasown: [ '2.0.2' ],
1951 silly audit   'jsx-ast-utils': [ '3.3.5' ],
1951 silly audit   'object.entries': [ '1.1.9' ],
1951 silly audit   'object.fromentries': [ '2.0.8' ],
1951 silly audit   'object.values': [ '1.2.1' ],
1951 silly audit   'prop-types': [ '15.8.1' ],
1951 silly audit   resolve: [ '2.0.0-next.5' ],
1951 silly audit   'string.prototype.matchall': [ '4.0.12' ],
1951 silly audit   'string.prototype.repeat': [ '1.0.0' ],
1951 silly audit   'call-bind': [ '1.0.8' ],
1951 silly audit   'call-bound': [ '1.0.4' ],
1951 silly audit   'define-properties': [ '1.2.1' ],
1951 silly audit   'es-abstract': [ '1.24.0' ],
1951 silly audit   'es-object-atoms': [ '1.1.1' ],
1951 silly audit   'get-intrinsic': [ '1.3.0' ],
1951 silly audit   'is-string': [ '1.1.1' ],
1951 silly audit   'math-intrinsics': [ '1.1.0' ],
1951 silly audit   'es-errors': [ '1.3.0' ],
1951 silly audit   'es-shim-unscopables': [ '1.1.0' ],
1951 silly audit   'call-bind-apply-helpers': [ '1.0.2' ],
1951 silly audit   'es-define-property': [ '1.0.1' ],
1951 silly audit   'set-function-length': [ '1.2.2' ],
1951 silly audit   'function-bind': [ '1.1.2' ],
1951 silly audit   'define-data-property': [ '1.1.4' ],
1951 silly audit   'has-property-descriptors': [ '1.0.2' ],
1951 silly audit   'object-keys': [ '1.1.1' ],
1951 silly audit   gopd: [ '1.2.0' ],
1951 silly audit   'array-buffer-byte-length': [ '1.0.2' ],
1951 silly audit   'arraybuffer.prototype.slice': [ '1.0.4' ],
1951 silly audit   'available-typed-arrays': [ '1.0.7' ],
1951 silly audit   'data-view-buffer': [ '1.0.2' ],
1951 silly audit   'data-view-byte-length': [ '1.0.2' ],
1951 silly audit   'data-view-byte-offset': [ '1.0.1' ],
1951 silly audit   'es-set-tostringtag': [ '2.1.0' ],
1951 silly audit   'es-to-primitive': [ '1.3.0' ],
1951 silly audit   'function.prototype.name': [ '1.1.8' ],
1951 silly audit   'get-proto': [ '1.0.1' ],
1951 silly audit   'get-symbol-description': [ '1.1.0' ],
1951 silly audit   globalthis: [ '1.0.4' ],
1951 silly audit   'has-proto': [ '1.2.0' ],
1951 silly audit   'has-symbols': [ '1.1.0' ],
1951 silly audit   'internal-slot': [ '1.1.0' ],
1951 silly audit   'is-array-buffer': [ '3.0.5' ],
1951 silly audit   'is-callable': [ '1.2.7' ],
1951 silly audit   'is-data-view': [ '1.0.2' ],
1951 silly audit   'is-negative-zero': [ '2.0.3' ],
1951 silly audit   'is-regex': [ '1.2.1' ],
1951 silly audit   'is-set': [ '2.0.3' ],
1951 silly audit   'is-shared-array-buffer': [ '1.0.4' ],
1951 silly audit   'is-typed-array': [ '1.1.15' ],
1951 silly audit   'is-weakref': [ '1.1.1' ],
1951 silly audit   'object-inspect': [ '1.13.4' ],
1951 silly audit   'object.assign': [ '4.1.7' ],
1951 silly audit   'own-keys': [ '1.0.1' ],
1951 silly audit   'regexp.prototype.flags': [ '1.5.4' ],
1951 silly audit   'safe-array-concat': [ '1.1.3' ],
1951 silly audit   'safe-push-apply': [ '1.0.0' ],
1951 silly audit   'safe-regex-test': [ '1.1.0' ],
1951 silly audit   'set-proto': [ '1.0.0' ],
1951 silly audit   'stop-iteration-iterator': [ '1.1.0' ],
1951 silly audit   'string.prototype.trim': [ '1.2.10' ],
1951 silly audit   'string.prototype.trimend': [ '1.0.9' ],
1951 silly audit   'string.prototype.trimstart': [ '1.0.8' ],
1951 silly audit   'typed-array-buffer': [ '1.0.3' ],
1951 silly audit   'typed-array-byte-length': [ '1.0.3' ],
1951 silly audit   'typed-array-byte-offset': [ '1.0.4' ],
1951 silly audit   'typed-array-length': [ '1.0.7' ],
1951 silly audit   'unbox-primitive': [ '1.1.0' ],
1951 silly audit   'which-typed-array': [ '1.1.19' ],
1951 silly audit   'possible-typed-array-names': [ '1.1.0' ],
1951 silly audit   'iterator.prototype': [ '1.1.5' ],
1951 silly audit   'has-tostringtag': [ '1.0.2' ],
1951 silly audit   'is-date-object': [ '1.1.0' ],
1951 silly audit   'is-symbol': [ '1.1.1' ],
1951 silly audit   esrecurse: [ '4.3.0' ],
1951 silly audit   acorn: [ '8.15.0' ],
1951 silly audit   'acorn-jsx': [ '5.3.2' ],
1951 silly audit   reusify: [ '1.1.0' ],
1951 silly audit   'flat-cache': [ '3.2.0' ],
1951 silly audit   'locate-path': [ '6.0.0' ],
1951 silly audit   'path-exists': [ '4.0.0' ],
1951 silly audit   flatted: [ '3.3.3' ],
1951 silly audit   keyv: [ '4.5.4' ],
1951 silly audit   rimraf: [ '3.0.2' ],
1951 silly audit   '@emotion/is-prop-valid': [ '0.8.8' ],
1951 silly audit   tslib: [ '2.8.1' ],
1951 silly audit   '@emotion/memoize': [ '0.7.4' ],
1951 silly audit   'functions-have-names': [ '1.2.3' ],
1951 silly audit   'dunder-proto': [ '1.0.1' ],
1951 silly audit   'type-fest': [ '0.20.2' ],
1951 silly audit   'parent-module': [ '1.0.1' ],
1951 silly audit   'resolve-from': [ '4.0.0' ],
1951 silly audit   'side-channel': [ '1.1.0' ],
1951 silly audit   'is-extglob': [ '2.1.1' ],
1951 silly audit   'set-function-name': [ '2.0.2' ],
1951 silly audit   argparse: [ '2.0.1' ],
1951 silly audit   'array.prototype.flat': [ '1.3.3' ],
1951 silly audit   'json-buffer': [ '3.0.1' ],
1951 silly audit   'prelude-ls': [ '1.2.1' ],
1951 silly audit   'type-check': [ '0.4.0' ],
1951 silly audit   'p-locate': [ '5.0.0' ],
1951 silly audit   yallist: [ '3.1.1' ],
1951 silly audit   'brace-expansion': [ '1.1.12' ],
1951 silly audit   'balanced-match': [ '1.0.2' ],
1951 silly audit   'concat-map': [ '0.0.1' ],
1951 silly audit   'deep-is': [ '0.1.4' ],
1951 silly audit   'fast-levenshtein': [ '2.0.6' ],
1951 silly audit   'word-wrap': [ '1.2.5' ],
1951 silly audit   'p-limit': [ '3.1.0' ],
1951 silly audit   'yocto-queue': [ '0.1.0' ],
1951 silly audit   callsites: [ '3.1.0' ],
1951 silly audit   'loose-envify': [ '1.4.0' ],
1951 silly audit   'object-assign': [ '4.1.1' ],
1951 silly audit   'react-is': [ '16.13.1' ],
1951 silly audit   scheduler: [ '0.23.2' ],
1951 silly audit   'is-core-module': [ '2.16.1' ],
1951 silly audit   'path-parse': [ '1.0.7' ],
1951 silly audit   'supports-preserve-symlinks-flag': [ '1.0.0' ],
1951 silly audit   glob: [ '7.2.3' ],
1951 silly audit   'fs.realpath': [ '1.0.0' ],
1951 silly audit   inflight: [ '1.0.6' ],
1951 silly audit   inherits: [ '2.0.4' ],
1951 silly audit   once: [ '1.4.0' ],
1951 silly audit   'path-is-absolute': [ '1.0.1' ],
1951 silly audit   wrappy: [ '1.0.2' ],
1951 silly audit   'queue-microtask': [ '1.2.3' ],
1951 silly audit   isarray: [ '2.0.5' ],
1951 silly audit   'shebang-regex': [ '3.0.0' ],
1951 silly audit   'side-channel-list': [ '1.0.0' ],
1951 silly audit   'side-channel-map': [ '1.0.1' ],
1951 silly audit   'side-channel-weakmap': [ '1.0.2' ],
1951 silly audit   'ansi-regex': [ '5.0.1' ],
1951 silly audit   'has-flag': [ '4.0.0' ],
1951 silly audit   'for-each': [ '0.3.5' ],
1951 silly audit   'reflect.getprototypeof': [ '1.0.10' ],
1951 silly audit   'which-builtin-type': [ '1.2.1' ],
1951 silly audit   'has-bigints': [ '1.1.0' ],
1951 silly audit   'which-boxed-primitive': [ '1.1.1' ],
1951 silly audit   escalade: [ '3.2.0' ],
1951 silly audit   punycode: [ '2.3.1' ],
1951 silly audit   esbuild: [ '0.21.5' ],
1951 silly audit   fsevents: [ '2.3.3' ],
1951 silly audit   postcss: [ '8.5.6' ],
1951 silly audit   rollup: [ '4.53.3' ],
1951 silly audit   '@esbuild/aix-ppc64': [ '0.21.5' ],
1951 silly audit   '@esbuild/android-arm': [ '0.21.5' ],
1951 silly audit   '@esbuild/android-arm64': [ '0.21.5' ],
1951 silly audit   '@esbuild/android-x64': [ '0.21.5' ],
1951 silly audit   '@esbuild/darwin-arm64': [ '0.21.5' ],
1951 silly audit   '@esbuild/darwin-x64': [ '0.21.5' ],
1951 silly audit   '@esbuild/freebsd-arm64': [ '0.21.5' ],
1951 silly audit   '@esbuild/freebsd-x64': [ '0.21.5' ],
1951 silly audit   '@esbuild/linux-arm': [ '0.21.5' ],
1951 silly audit   '@esbuild/linux-arm64': [ '0.21.5' ],
1951 silly audit   '@esbuild/linux-ia32': [ '0.21.5' ],
1951 silly audit   '@esbuild/linux-loong64': [ '0.21.5' ],
1951 silly audit   '@esbuild/linux-mips64el': [ '0.21.5' ],
1951 silly audit   '@esbuild/linux-ppc64': [ '0.21.5' ],
1951 silly audit   '@esbuild/linux-riscv64': [ '0.21.5' ],
1951 silly audit   '@esbuild/linux-s390x': [ '0.21.5' ],
1951 silly audit   '@esbuild/linux-x64': [ '0.21.5' ],
1951 silly audit   '@esbuild/netbsd-x64': [ '0.21.5' ],
1951 silly audit   '@esbuild/openbsd-x64': [ '0.21.5' ],
1951 silly audit   '@esbuild/sunos-x64': [ '0.21.5' ],
1951 silly audit   '@esbuild/win32-arm64': [ '0.21.5' ],
1951 silly audit   '@esbuild/win32-ia32': [ '0.21.5' ],
1951 silly audit   '@esbuild/win32-x64': [ '0.21.5' ],
1951 silly audit   nanoid: [ '3.3.11' ],
1951 silly audit   'source-map-js': [ '1.2.1' ],
1951 silly audit   '@rollup/rollup-android-arm-eabi': [ '4.53.3' ],
1951 silly audit   '@rollup/rollup-android-arm64': [ '4.53.3' ],
1951 silly audit   '@rollup/rollup-darwin-arm64': [ '4.53.3' ],
1951 silly audit   '@rollup/rollup-darwin-x64': [ '4.53.3' ],
1951 silly audit   '@rollup/rollup-freebsd-arm64': [ '4.53.3' ],
1951 silly audit   '@rollup/rollup-freebsd-x64': [ '4.53.3' ],
1951 silly audit   '@rollup/rollup-linux-arm-gnueabihf': [ '4.53.3' ],
1951 silly audit   '@rollup/rollup-linux-arm-musleabihf': [ '4.53.3' ],
1951 silly audit   '@rollup/rollup-linux-arm64-gnu': [ '4.53.3' ],
1951 silly audit   '@rollup/rollup-linux-arm64-musl': [ '4.53.3' ],
1951 silly audit   '@rollup/rollup-linux-loong64-gnu': [ '4.53.3' ],
1951 silly audit   '@rollup/rollup-linux-ppc64-gnu': [ '4.53.3' ],
1951 silly audit   '@rollup/rollup-linux-riscv64-gnu': [ '4.53.3' ],
1951 silly audit   '@rollup/rollup-linux-riscv64-musl': [ '4.53.3' ],
1951 silly audit   '@rollup/rollup-linux-s390x-gnu': [ '4.53.3' ],
1951 silly audit   '@rollup/rollup-linux-x64-gnu': [ '4.53.3' ],
1951 silly audit   '@rollup/rollup-linux-x64-musl': [ '4.53.3' ],
1951 silly audit   '@rollup/rollup-openharmony-arm64': [ '4.53.3' ],
1951 silly audit   '@rollup/rollup-win32-arm64-msvc': [ '4.53.3' ],
1951 silly audit   '@rollup/rollup-win32-ia32-msvc': [ '4.53.3' ],
1951 silly audit   '@rollup/rollup-win32-x64-gnu': [ '4.53.3' ],
1951 silly audit   '@rollup/rollup-win32-x64-msvc': [ '4.53.3' ],
1951 silly audit   '@types/estree': [ '1.0.8' ],
1951 silly audit   isexe: [ '2.0.0' ],
1951 silly audit   'is-bigint': [ '1.1.0' ],
1951 silly audit   'is-boolean-object': [ '1.2.2' ],
1951 silly audit   'is-number-object': [ '1.1.1' ],
1951 silly audit   'is-async-function': [ '2.1.1' ],
1951 silly audit   'is-finalizationregistry': [ '1.1.1' ],
1951 silly audit   'is-generator-function': [ '1.1.2' ],
1951 silly audit   'which-collection': [ '1.0.2' ],
1951 silly audit   'async-function': [ '1.0.0' ],
1951 silly audit   'generator-function': [ '2.0.1' ],
1951 silly audit   'is-map': [ '2.0.3' ],
1951 silly audit   'is-weakmap': [ '2.0.2' ],
1951 silly audit   'is-weakset': [ '2.0.4' ]
1951 silly audit }
1952 http cache is-weakmap@https://registry.npmjs.org/is-weakmap/-/is-weakmap-2.0.2.tgz 0ms (cache hit)
1953 http cache is-weakset@https://registry.npmjs.org/is-weakset/-/is-weakset-2.0.4.tgz 1ms (cache hit)
1954 http cache generator-function@https://registry.npmjs.org/generator-function/-/generator-function-2.0.1.tgz 0ms (cache hit)
1955 http cache async-function@https://registry.npmjs.org/async-function/-/async-function-1.0.0.tgz 0ms (cache hit)
1956 http cache which-collection@https://registry.npmjs.org/which-collection/-/which-collection-1.0.2.tgz 0ms (cache hit)
1957 http cache is-generator-function@https://registry.npmjs.org/is-generator-function/-/is-generator-function-1.1.2.tgz 0ms (cache hit)
1958 http cache is-map@https://registry.npmjs.org/is-map/-/is-map-2.0.3.tgz 0ms (cache hit)
1959 http cache is-finalizationregistry@https://registry.npmjs.org/is-finalizationregistry/-/is-finalizationregistry-1.1.1.tgz 0ms (cache hit)
1960 http cache is-async-function@https://registry.npmjs.org/is-async-function/-/is-async-function-2.1.1.tgz 0ms (cache hit)
1961 http cache is-number-object@https://registry.npmjs.org/is-number-object/-/is-number-object-1.1.1.tgz 0ms (cache hit)
1962 http cache is-bigint@https://registry.npmjs.org/is-bigint/-/is-bigint-1.1.0.tgz 0ms (cache hit)
1963 http cache is-boolean-object@https://registry.npmjs.org/is-boolean-object/-/is-boolean-object-1.2.2.tgz 0ms (cache hit)
1964 http cache isexe@https://registry.npmjs.org/isexe/-/isexe-2.0.0.tgz 0ms (cache hit)
1965 http cache @types/estree@https://registry.npmjs.org/@types/estree/-/estree-1.0.8.tgz 0ms (cache hit)
1966 http cache @rollup/rollup-darwin-arm64@https://registry.npmjs.org/@rollup/rollup-darwin-arm64/-/rollup-darwin-arm64-4.53.3.tgz 0ms (cache hit)
1967 http cache source-map-js@https://registry.npmjs.org/source-map-js/-/source-map-js-1.2.1.tgz 0ms (cache hit)
1968 http cache @esbuild/darwin-arm64@https://registry.npmjs.org/@esbuild/darwin-arm64/-/darwin-arm64-0.21.5.tgz 0ms (cache hit)
1969 http cache rollup@https://registry.npmjs.org/rollup/-/rollup-4.53.3.tgz 0ms (cache hit)
1970 http cache nanoid@https://registry.npmjs.org/nanoid/-/nanoid-3.3.11.tgz 0ms (cache hit)
1971 http cache fsevents@https://registry.npmjs.org/fsevents/-/fsevents-2.3.3.tgz 0ms (cache hit)
1972 http cache postcss@https://registry.npmjs.org/postcss/-/postcss-8.5.6.tgz 0ms (cache hit)
1973 http cache escalade@https://registry.npmjs.org/escalade/-/escalade-3.2.0.tgz 0ms (cache hit)
1974 http cache which-boxed-primitive@https://registry.npmjs.org/which-boxed-primitive/-/which-boxed-primitive-1.1.1.tgz 0ms (cache hit)
1975 http cache esbuild@https://registry.npmjs.org/esbuild/-/esbuild-0.21.5.tgz 0ms (cache hit)
1976 http cache punycode@https://registry.npmjs.org/punycode/-/punycode-2.3.1.tgz 0ms (cache hit)
1977 http cache has-bigints@https://registry.npmjs.org/has-bigints/-/has-bigints-1.1.0.tgz 0ms (cache hit)
1978 http cache which-builtin-type@https://registry.npmjs.org/which-builtin-type/-/which-builtin-type-1.2.1.tgz 0ms (cache hit)
1979 http cache has-flag@https://registry.npmjs.org/has-flag/-/has-flag-4.0.0.tgz 0ms (cache hit)
1980 http cache ansi-regex@https://registry.npmjs.org/ansi-regex/-/ansi-regex-5.0.1.tgz 0ms (cache hit)
1981 http cache reflect.getprototypeof@https://registry.npmjs.org/reflect.getprototypeof/-/reflect.getprototypeof-1.0.10.tgz 0ms (cache hit)
1982 http cache for-each@https://registry.npmjs.org/for-each/-/for-each-0.3.5.tgz 0ms (cache hit)
1983 http cache side-channel-weakmap@https://registry.npmjs.org/side-channel-weakmap/-/side-channel-weakmap-1.0.2.tgz 0ms (cache hit)
1984 http cache side-channel-map@https://registry.npmjs.org/side-channel-map/-/side-channel-map-1.0.1.tgz 0ms (cache hit)
1985 http cache shebang-regex@https://registry.npmjs.org/shebang-regex/-/shebang-regex-3.0.0.tgz 0ms (cache hit)
1986 http cache side-channel-list@https://registry.npmjs.org/side-channel-list/-/side-channel-list-1.0.0.tgz 0ms (cache hit)
1987 http cache isarray@https://registry.npmjs.org/isarray/-/isarray-2.0.5.tgz 0ms (cache hit)
1988 http cache wrappy@https://registry.npmjs.org/wrappy/-/wrappy-1.0.2.tgz 0ms (cache hit)
1989 http cache once@https://registry.npmjs.org/once/-/once-1.4.0.tgz 0ms (cache hit)
1990 http cache queue-microtask@https://registry.npmjs.org/queue-microtask/-/queue-microtask-1.2.3.tgz 0ms (cache hit)
1991 http cache fs.realpath@https://registry.npmjs.org/fs.realpath/-/fs.realpath-1.0.0.tgz 0ms (cache hit)
1992 http cache inflight@https://registry.npmjs.org/inflight/-/inflight-1.0.6.tgz 0ms (cache hit)
1993 http cache inherits@https://registry.npmjs.org/inherits/-/inherits-2.0.4.tgz 0ms (cache hit)
1994 http cache glob@https://registry.npmjs.org/glob/-/glob-7.2.3.tgz 0ms (cache hit)
1995 http cache supports-preserve-symlinks-flag@https://registry.npmjs.org/supports-preserve-symlinks-flag/-/supports-preserve-symlinks-flag-1.0.0.tgz 0ms (cache hit)
1996 http cache path-is-absolute@https://registry.npmjs.org/path-is-absolute/-/path-is-absolute-1.0.1.tgz 0ms (cache hit)
1997 http cache is-core-module@https://registry.npmjs.org/is-core-module/-/is-core-module-2.16.1.tgz 0ms (cache hit)
1998 http cache scheduler@https://registry.npmjs.org/scheduler/-/scheduler-0.23.2.tgz 0ms (cache hit)
1999 http cache react-is@https://registry.npmjs.org/react-is/-/react-is-16.13.1.tgz 0ms (cache hit)
2000 http cache object-assign@https://registry.npmjs.org/object-assign/-/object-assign-4.1.1.tgz 0ms (cache hit)
2001 http cache yocto-queue@https://registry.npmjs.org/yocto-queue/-/yocto-queue-0.1.0.tgz 0ms (cache hit)
2002 http cache callsites@https://registry.npmjs.org/callsites/-/callsites-3.1.0.tgz 0ms (cache hit)
2003 http cache loose-envify@https://registry.npmjs.org/loose-envify/-/loose-envify-1.4.0.tgz 0ms (cache hit)
2004 http cache fast-levenshtein@https://registry.npmjs.org/fast-levenshtein/-/fast-levenshtein-2.0.6.tgz 0ms (cache hit)
2005 http cache path-parse@https://registry.npmjs.org/path-parse/-/path-parse-1.0.7.tgz 0ms (cache hit)
2006 http cache word-wrap@https://registry.npmjs.org/word-wrap/-/word-wrap-1.2.5.tgz 0ms (cache hit)
2007 http cache p-limit@https://registry.npmjs.org/p-limit/-/p-limit-3.1.0.tgz 0ms (cache hit)
2008 http cache deep-is@https://registry.npmjs.org/deep-is/-/deep-is-0.1.4.tgz 0ms (cache hit)
2009 http cache balanced-match@https://registry.npmjs.org/balanced-match/-/balanced-match-1.0.2.tgz 0ms (cache hit)
2010 http cache brace-expansion@https://registry.npmjs.org/brace-expansion/-/brace-expansion-1.1.12.tgz 0ms (cache hit)
2011 http cache concat-map@https://registry.npmjs.org/concat-map/-/concat-map-0.0.1.tgz 0ms (cache hit)
2012 http cache yallist@https://registry.npmjs.org/yallist/-/yallist-3.1.1.tgz 0ms (cache hit)
2013 http cache prelude-ls@https://registry.npmjs.org/prelude-ls/-/prelude-ls-1.2.1.tgz 0ms (cache hit)
2014 http cache array.prototype.flat@https://registry.npmjs.org/array.prototype.flat/-/array.prototype.flat-1.3.3.tgz 0ms (cache hit)
2015 http cache json-buffer@https://registry.npmjs.org/json-buffer/-/json-buffer-3.0.1.tgz 0ms (cache hit)
2016 http cache p-locate@https://registry.npmjs.org/p-locate/-/p-locate-5.0.0.tgz 0ms (cache hit)
2017 http cache type-check@https://registry.npmjs.org/type-check/-/type-check-0.4.0.tgz 0ms (cache hit)
2018 http cache set-function-name@https://registry.npmjs.org/set-function-name/-/set-function-name-2.0.2.tgz 0ms (cache hit)
2019 http cache is-extglob@https://registry.npmjs.org/is-extglob/-/is-extglob-2.1.1.tgz 0ms (cache hit)
2020 http cache side-channel@https://registry.npmjs.org/side-channel/-/side-channel-1.1.0.tgz 0ms (cache hit)
2021 http cache argparse@https://registry.npmjs.org/argparse/-/argparse-2.0.1.tgz 0ms (cache hit)
2022 http cache parent-module@https://registry.npmjs.org/parent-module/-/parent-module-1.0.1.tgz 0ms (cache hit)
2023 http cache dunder-proto@https://registry.npmjs.org/dunder-proto/-/dunder-proto-1.0.1.tgz 0ms (cache hit)
2024 http cache functions-have-names@https://registry.npmjs.org/functions-have-names/-/functions-have-names-1.2.3.tgz 0ms (cache hit)
2025 http cache resolve-from@https://registry.npmjs.org/resolve-from/-/resolve-from-4.0.0.tgz 0ms (cache hit)
2026 http cache @emotion/memoize@https://registry.npmjs.org/@emotion/memoize/-/memoize-0.7.4.tgz 0ms (cache hit)
2027 http cache tslib@https://registry.npmjs.org/tslib/-/tslib-2.8.1.tgz 0ms (cache hit)
2028 http cache rimraf@https://registry.npmjs.org/rimraf/-/rimraf-3.0.2.tgz 0ms (cache hit)
2029 http cache type-fest@https://registry.npmjs.org/type-fest/-/type-fest-0.20.2.tgz 0ms (cache hit)
2030 http cache keyv@https://registry.npmjs.org/keyv/-/keyv-4.5.4.tgz 0ms (cache hit)
2031 http cache flatted@https://registry.npmjs.org/flatted/-/flatted-3.3.3.tgz 0ms (cache hit)
2032 http cache path-exists@https://registry.npmjs.org/path-exists/-/path-exists-4.0.0.tgz 0ms (cache hit)
2033 http cache locate-path@https://registry.npmjs.org/locate-path/-/locate-path-6.0.0.tgz 0ms (cache hit)
2034 http cache @emotion/is-prop-valid@https://registry.npmjs.org/@emotion/is-prop-valid/-/is-prop-valid-0.8.8.tgz 0ms (cache hit)
2035 http cache reusify@https://registry.npmjs.org/reusify/-/reusify-1.1.0.tgz 0ms (cache hit)
2036 http cache acorn-jsx@https://registry.npmjs.org/acorn-jsx/-/acorn-jsx-5.3.2.tgz 0ms (cache hit)
2037 http cache esrecurse@https://registry.npmjs.org/esrecurse/-/esrecurse-4.3.0.tgz 0ms (cache hit)
2038 http cache acorn@https://registry.npmjs.org/acorn/-/acorn-8.15.0.tgz 0ms (cache hit)
2039 http cache flat-cache@https://registry.npmjs.org/flat-cache/-/flat-cache-3.2.0.tgz 0ms (cache hit)
2040 http cache is-date-object@https://registry.npmjs.org/is-date-object/-/is-date-object-1.1.0.tgz 0ms (cache hit)
2041 http cache has-tostringtag@https://registry.npmjs.org/has-tostringtag/-/has-tostringtag-1.0.2.tgz 0ms (cache hit)
2042 http cache is-symbol@https://registry.npmjs.org/is-symbol/-/is-symbol-1.1.1.tgz 0ms (cache hit)
2043 http cache possible-typed-array-names@https://registry.npmjs.org/possible-typed-array-names/-/possible-typed-array-names-1.1.0.tgz 0ms (cache hit)
2044 http cache unbox-primitive@https://registry.npmjs.org/unbox-primitive/-/unbox-primitive-1.1.0.tgz 0ms (cache hit)
2045 http cache iterator.prototype@https://registry.npmjs.org/iterator.prototype/-/iterator.prototype-1.1.5.tgz 0ms (cache hit)
2046 http cache typed-array-length@https://registry.npmjs.org/typed-array-length/-/typed-array-length-1.0.7.tgz 0ms (cache hit)
2047 http cache typed-array-byte-offset@https://registry.npmjs.org/typed-array-byte-offset/-/typed-array-byte-offset-1.0.4.tgz 0ms (cache hit)
2048 http cache which-typed-array@https://registry.npmjs.org/which-typed-array/-/which-typed-array-1.1.19.tgz 0ms (cache hit)
2049 http cache typed-array-buffer@https://registry.npmjs.org/typed-array-buffer/-/typed-array-buffer-1.0.3.tgz 0ms (cache hit)
2050 http cache string.prototype.trimstart@https://registry.npmjs.org/string.prototype.trimstart/-/string.prototype.trimstart-1.0.8.tgz 0ms (cache hit)
2051 http cache string.prototype.trimend@https://registry.npmjs.org/string.prototype.trimend/-/string.prototype.trimend-1.0.9.tgz 0ms (cache hit)
2052 http cache stop-iteration-iterator@https://registry.npmjs.org/stop-iteration-iterator/-/stop-iteration-iterator-1.1.0.tgz 0ms (cache hit)
2053 http cache typed-array-byte-length@https://registry.npmjs.org/typed-array-byte-length/-/typed-array-byte-length-1.0.3.tgz 0ms (cache hit)
2054 http cache set-proto@https://registry.npmjs.org/set-proto/-/set-proto-1.0.0.tgz 0ms (cache hit)
2055 http cache safe-push-apply@https://registry.npmjs.org/safe-push-apply/-/safe-push-apply-1.0.0.tgz 0ms (cache hit)
2056 http cache safe-regex-test@https://registry.npmjs.org/safe-regex-test/-/safe-regex-test-1.1.0.tgz 0ms (cache hit)
2057 http cache safe-array-concat@https://registry.npmjs.org/safe-array-concat/-/safe-array-concat-1.1.3.tgz 0ms (cache hit)
2058 http cache regexp.prototype.flags@https://registry.npmjs.org/regexp.prototype.flags/-/regexp.prototype.flags-1.5.4.tgz 0ms (cache hit)
2059 http cache own-keys@https://registry.npmjs.org/own-keys/-/own-keys-1.0.1.tgz 0ms (cache hit)
2060 http cache object-inspect@https://registry.npmjs.org/object-inspect/-/object-inspect-1.13.4.tgz 0ms (cache hit)
2061 http cache object.assign@https://registry.npmjs.org/object.assign/-/object.assign-4.1.7.tgz 0ms (cache hit)
2062 http cache string.prototype.trim@https://registry.npmjs.org/string.prototype.trim/-/string.prototype.trim-1.2.10.tgz 0ms (cache hit)
2063 http cache is-weakref@https://registry.npmjs.org/is-weakref/-/is-weakref-1.1.1.tgz 0ms (cache hit)
2064 http cache is-set@https://registry.npmjs.org/is-set/-/is-set-2.0.3.tgz 0ms (cache hit)
2065 http cache is-negative-zero@https://registry.npmjs.org/is-negative-zero/-/is-negative-zero-2.0.3.tgz 0ms (cache hit)
2066 http cache is-regex@https://registry.npmjs.org/is-regex/-/is-regex-1.2.1.tgz 0ms (cache hit)
2067 http cache is-typed-array@https://registry.npmjs.org/is-typed-array/-/is-typed-array-1.1.15.tgz 0ms (cache hit)
2068 http cache is-data-view@https://registry.npmjs.org/is-data-view/-/is-data-view-1.0.2.tgz 0ms (cache hit)
2069 http cache is-callable@https://registry.npmjs.org/is-callable/-/is-callable-1.2.7.tgz 0ms (cache hit)
2070 http cache is-shared-array-buffer@https://registry.npmjs.org/is-shared-array-buffer/-/is-shared-array-buffer-1.0.4.tgz 0ms (cache hit)
2071 http cache is-array-buffer@https://registry.npmjs.org/is-array-buffer/-/is-array-buffer-3.0.5.tgz 0ms (cache hit)
2072 http cache has-symbols@https://registry.npmjs.org/has-symbols/-/has-symbols-1.1.0.tgz 0ms (cache hit)
2073 http cache internal-slot@https://registry.npmjs.org/internal-slot/-/internal-slot-1.1.0.tgz 0ms (cache hit)
2074 http cache has-proto@https://registry.npmjs.org/has-proto/-/has-proto-1.2.0.tgz 0ms (cache hit)
2075 http cache globalthis@https://registry.npmjs.org/globalthis/-/globalthis-1.0.4.tgz 0ms (cache hit)
2076 http cache get-symbol-description@https://registry.npmjs.org/get-symbol-description/-/get-symbol-description-1.1.0.tgz 0ms (cache hit)
2077 http cache function.prototype.name@https://registry.npmjs.org/function.prototype.name/-/function.prototype.name-1.1.8.tgz 0ms (cache hit)
2078 http cache es-set-tostringtag@https://registry.npmjs.org/es-set-tostringtag/-/es-set-tostringtag-2.1.0.tgz 0ms (cache hit)
2079 http cache data-view-byte-offset@https://registry.npmjs.org/data-view-byte-offset/-/data-view-byte-offset-1.0.1.tgz 0ms (cache hit)
2080 http cache es-to-primitive@https://registry.npmjs.org/es-to-primitive/-/es-to-primitive-1.3.0.tgz 0ms (cache hit)
2081 http cache get-proto@https://registry.npmjs.org/get-proto/-/get-proto-1.0.1.tgz 0ms (cache hit)
2082 http cache data-view-byte-length@https://registry.npmjs.org/data-view-byte-length/-/data-view-byte-length-1.0.2.tgz 0ms (cache hit)
2083 http cache data-view-buffer@https://registry.npmjs.org/data-view-buffer/-/data-view-buffer-1.0.2.tgz 0ms (cache hit)
2084 http cache available-typed-arrays@https://registry.npmjs.org/available-typed-arrays/-/available-typed-arrays-1.0.7.tgz 0ms (cache hit)
2085 http cache arraybuffer.prototype.slice@https://registry.npmjs.org/arraybuffer.prototype.slice/-/arraybuffer.prototype.slice-1.0.4.tgz 0ms (cache hit)
2086 http cache object-keys@https://registry.npmjs.org/object-keys/-/object-keys-1.1.1.tgz 0ms (cache hit)
2087 http cache array-buffer-byte-length@https://registry.npmjs.org/array-buffer-byte-length/-/array-buffer-byte-length-1.0.2.tgz 0ms (cache hit)
2088 http cache has-property-descriptors@https://registry.npmjs.org/has-property-descriptors/-/has-property-descriptors-1.0.2.tgz 0ms (cache hit)
2089 http cache function-bind@https://registry.npmjs.org/function-bind/-/function-bind-1.1.2.tgz 0ms (cache hit)
2090 http cache define-data-property@https://registry.npmjs.org/define-data-property/-/define-data-property-1.1.4.tgz 0ms (cache hit)
2091 http cache gopd@https://registry.npmjs.org/gopd/-/gopd-1.2.0.tgz 0ms (cache hit)
2092 http cache set-function-length@https://registry.npmjs.org/set-function-length/-/set-function-length-1.2.2.tgz 0ms (cache hit)
2093 http cache call-bind-apply-helpers@https://registry.npmjs.org/call-bind-apply-helpers/-/call-bind-apply-helpers-1.0.2.tgz 0ms (cache hit)
2094 http cache es-shim-unscopables@https://registry.npmjs.org/es-shim-unscopables/-/es-shim-unscopables-1.1.0.tgz 0ms (cache hit)
2095 http cache es-errors@https://registry.npmjs.org/es-errors/-/es-errors-1.3.0.tgz 0ms (cache hit)
2096 http cache math-intrinsics@https://registry.npmjs.org/math-intrinsics/-/math-intrinsics-1.1.0.tgz 0ms (cache hit)
2097 http cache es-define-property@https://registry.npmjs.org/es-define-property/-/es-define-property-1.0.1.tgz 0ms (cache hit)
2098 http cache get-intrinsic@https://registry.npmjs.org/get-intrinsic/-/get-intrinsic-1.3.0.tgz 0ms (cache hit)
2099 http cache is-string@https://registry.npmjs.org/is-string/-/is-string-1.1.1.tgz 0ms (cache hit)
2100 http cache es-object-atoms@https://registry.npmjs.org/es-object-atoms/-/es-object-atoms-1.1.1.tgz 0ms (cache hit)
2101 http cache define-properties@https://registry.npmjs.org/define-properties/-/define-properties-1.2.1.tgz 0ms (cache hit)
2102 http cache call-bind@https://registry.npmjs.org/call-bind/-/call-bind-1.0.8.tgz 0ms (cache hit)
2103 http cache es-abstract@https://registry.npmjs.org/es-abstract/-/es-abstract-1.24.0.tgz 0ms (cache hit)
2104 http cache call-bound@https://registry.npmjs.org/call-bound/-/call-bound-1.0.4.tgz 0ms (cache hit)
2105 http cache string.prototype.matchall@https://registry.npmjs.org/string.prototype.matchall/-/string.prototype.matchall-4.0.12.tgz 0ms (cache hit)
2106 http cache resolve@https://registry.npmjs.org/resolve/-/resolve-2.0.0-next.5.tgz 0ms (cache hit)
2107 http cache object.values@https://registry.npmjs.org/object.values/-/object.values-1.2.1.tgz 0ms (cache hit)
2108 http cache prop-types@https://registry.npmjs.org/prop-types/-/prop-types-15.8.1.tgz 0ms (cache hit)
2109 http cache object.fromentries@https://registry.npmjs.org/object.fromentries/-/object.fromentries-2.0.8.tgz 0ms (cache hit)
2110 http cache string.prototype.repeat@https://registry.npmjs.org/string.prototype.repeat/-/string.prototype.repeat-1.0.0.tgz 0ms (cache hit)
2111 http cache jsx-ast-utils@https://registry.npmjs.org/jsx-ast-utils/-/jsx-ast-utils-3.3.5.tgz 0ms (cache hit)
2112 http cache hasown@https://registry.npmjs.org/hasown/-/hasown-2.0.2.tgz 0ms (cache hit)
2113 http cache object.entries@https://registry.npmjs.org/object.entries/-/object.entries-1.1.9.tgz 0ms (cache hit)
2114 http cache estraverse@https://registry.npmjs.org/estraverse/-/estraverse-5.3.0.tgz 0ms (cache hit)
2115 http cache es-iterator-helpers@https://registry.npmjs.org/es-iterator-helpers/-/es-iterator-helpers-1.2.1.tgz 0ms (cache hit)
2116 http cache array.prototype.flatmap@https://registry.npmjs.org/array.prototype.flatmap/-/array.prototype.flatmap-1.3.3.tgz 0ms (cache hit)
2117 http cache array.prototype.findlast@https://registry.npmjs.org/array.prototype.findlast/-/array.prototype.findlast-1.2.5.tgz 0ms (cache hit)
2118 http cache array-includes@https://registry.npmjs.org/array-includes/-/array-includes-3.1.9.tgz 0ms (cache hit)
2119 http cache which@https://registry.npmjs.org/which/-/which-2.0.2.tgz 0ms (cache hit)
2120 http cache array.prototype.tosorted@https://registry.npmjs.org/array.prototype.tosorted/-/array.prototype.tosorted-1.1.4.tgz 0ms (cache hit)
2121 http cache path-key@https://registry.npmjs.org/path-key/-/path-key-3.1.1.tgz 0ms (cache hit)
2122 http cache color-convert@https://registry.npmjs.org/color-convert/-/color-convert-2.0.1.tgz 0ms (cache hit)
2123 http cache shebang-command@https://registry.npmjs.org/shebang-command/-/shebang-command-2.0.0.tgz 0ms (cache hit)
2124 http cache supports-color@https://registry.npmjs.org/supports-color/-/supports-color-7.2.0.tgz 0ms (cache hit)
2125 http cache color-name@https://registry.npmjs.org/color-name/-/color-name-1.1.4.tgz 0ms (cache hit)
2126 http cache json-schema-traverse@https://registry.npmjs.org/json-schema-traverse/-/json-schema-traverse-0.4.1.tgz 0ms (cache hit)
2127 http cache fast-json-stable-stringify@https://registry.npmjs.org/fast-json-stable-stringify/-/fast-json-stable-stringify-2.1.0.tgz 0ms (cache hit)
2128 http cache run-parallel@https://registry.npmjs.org/run-parallel/-/run-parallel-1.2.0.tgz 0ms (cache hit)
2129 http cache ansi-styles@https://registry.npmjs.org/ansi-styles/-/ansi-styles-4.3.0.tgz 0ms (cache hit)
2130 http cache @nodelib/fs.stat@https://registry.npmjs.org/@nodelib/fs.stat/-/fs.stat-2.0.5.tgz 0ms (cache hit)
2131 http cache uri-js@https://registry.npmjs.org/uri-js/-/uri-js-4.4.1.tgz 0ms (cache hit)
2132 http cache fastq@https://registry.npmjs.org/fastq/-/fastq-1.19.1.tgz 0ms (cache hit)
2133 http cache @humanwhocodes/object-schema@https://registry.npmjs.org/@humanwhocodes/object-schema/-/object-schema-2.0.3.tgz 0ms (cache hit)
2134 http cache strip-json-comments@https://registry.npmjs.org/strip-json-comments/-/strip-json-comments-3.1.1.tgz 0ms (cache hit)
2135 http cache import-fresh@https://registry.npmjs.org/import-fresh/-/import-fresh-3.3.1.tgz 0ms (cache hit)
2136 http cache @nodelib/fs.scandir@https://registry.npmjs.org/@nodelib/fs.scandir/-/fs.scandir-2.1.5.tgz 0ms (cache hit)
2137 http cache text-table@https://registry.npmjs.org/text-table/-/text-table-0.2.0.tgz 0ms (cache hit)
2138 http cache strip-ansi@https://registry.npmjs.org/strip-ansi/-/strip-ansi-6.0.1.tgz 0ms (cache hit)
2139 http cache natural-compare@https://registry.npmjs.org/natural-compare/-/natural-compare-1.4.0.tgz 0ms (cache hit)
2140 http cache optionator@https://registry.npmjs.org/optionator/-/optionator-0.9.4.tgz 0ms (cache hit)
2141 http cache minimatch@https://registry.npmjs.org/minimatch/-/minimatch-3.1.2.tgz 0ms (cache hit)
2142 http cache levn@https://registry.npmjs.org/levn/-/levn-0.4.1.tgz 0ms (cache hit)
2143 http cache lodash.merge@https://registry.npmjs.org/lodash.merge/-/lodash.merge-4.6.2.tgz 0ms (cache hit)
2144 http cache json-stable-stringify-without-jsonify@https://registry.npmjs.org/json-stable-stringify-without-jsonify/-/json-stable-stringify-without-jsonify-1.0.1.tgz 0ms (cache hit)
2145 http cache js-yaml@https://registry.npmjs.org/js-yaml/-/js-yaml-4.1.1.tgz 0ms (cache hit)
2146 http cache is-glob@https://registry.npmjs.org/is-glob/-/is-glob-4.0.3.tgz 0ms (cache hit)
2147 http cache is-path-inside@https://registry.npmjs.org/is-path-inside/-/is-path-inside-3.0.3.tgz 0ms (cache hit)
2148 http cache imurmurhash@https://registry.npmjs.org/imurmurhash/-/imurmurhash-0.1.4.tgz 0ms (cache hit)
2149 http cache graphemer@https://registry.npmjs.org/graphemer/-/graphemer-1.4.0.tgz 0ms (cache hit)
2150 http cache globals@https://registry.npmjs.org/globals/-/globals-13.24.0.tgz 0ms (cache hit)
2151 http cache find-up@https://registry.npmjs.org/find-up/-/find-up-5.0.0.tgz 0ms (cache hit)
2152 http cache ignore@https://registry.npmjs.org/ignore/-/ignore-5.3.2.tgz 0ms (cache hit)
2153 http cache file-entry-cache@https://registry.npmjs.org/file-entry-cache/-/file-entry-cache-6.0.1.tgz 0ms (cache hit)
2154 http cache glob-parent@https://registry.npmjs.org/glob-parent/-/glob-parent-6.0.2.tgz 0ms (cache hit)
2155 http cache esutils@https://registry.npmjs.org/esutils/-/esutils-2.0.3.tgz 0ms (cache hit)
2156 http cache esquery@https://registry.npmjs.org/esquery/-/esquery-1.6.0.tgz 0ms (cache hit)
2157 http cache espree@https://registry.npmjs.org/espree/-/espree-9.6.1.tgz 0ms (cache hit)
2158 http cache eslint-visitor-keys@https://registry.npmjs.org/eslint-visitor-keys/-/eslint-visitor-keys-3.4.3.tgz 0ms (cache hit)
2159 http cache eslint-scope@https://registry.npmjs.org/eslint-scope/-/eslint-scope-7.2.2.tgz 0ms (cache hit)
2160 http cache fast-deep-equal@https://registry.npmjs.org/fast-deep-equal/-/fast-deep-equal-3.1.3.tgz 0ms (cache hit)
2161 http cache doctrine@https://registry.npmjs.org/doctrine/-/doctrine-3.0.0.tgz 0ms (cache hit)
2162 http cache cross-spawn@https://registry.npmjs.org/cross-spawn/-/cross-spawn-7.0.6.tgz 0ms (cache hit)
2163 http cache escape-string-regexp@https://registry.npmjs.org/escape-string-regexp/-/escape-string-regexp-4.0.0.tgz 0ms (cache hit)
2164 http cache ajv@https://registry.npmjs.org/ajv/-/ajv-6.12.6.tgz 0ms (cache hit)
2165 http cache @ungap/structured-clone@https://registry.npmjs.org/@ungap/structured-clone/-/structured-clone-1.3.0.tgz 0ms (cache hit)
2166 http cache chalk@https://registry.npmjs.org/chalk/-/chalk-4.1.2.tgz 0ms (cache hit)
2167 http cache @nodelib/fs.walk@https://registry.npmjs.org/@nodelib/fs.walk/-/fs.walk-1.2.8.tgz 0ms (cache hit)
2168 http cache @humanwhocodes/module-importer@https://registry.npmjs.org/@humanwhocodes/module-importer/-/module-importer-1.0.1.tgz 0ms (cache hit)
2169 http cache @humanwhocodes/config-array@https://registry.npmjs.org/@humanwhocodes/config-array/-/config-array-0.13.0.tgz 0ms (cache hit)
2170 http cache @eslint/js@https://registry.npmjs.org/@eslint/js/-/js-8.57.1.tgz 0ms (cache hit)
2171 http cache @eslint-community/regexpp@https://registry.npmjs.org/@eslint-community/regexpp/-/regexpp-4.12.2.tgz 0ms (cache hit)
2172 http cache ms@https://registry.npmjs.org/ms/-/ms-2.1.3.tgz 0ms (cache hit)
2173 http cache @eslint-community/eslint-utils@https://registry.npmjs.org/@eslint-community/eslint-utils/-/eslint-utils-4.9.0.tgz 0ms (cache hit)
2174 http cache update-browserslist-db@https://registry.npmjs.org/update-browserslist-db/-/update-browserslist-db-1.1.4.tgz 0ms (cache hit)
2175 http cache node-releases@https://registry.npmjs.org/node-releases/-/node-releases-2.0.27.tgz 0ms (cache hit)
2176 http cache @eslint/eslintrc@https://registry.npmjs.org/@eslint/eslintrc/-/eslintrc-2.1.4.tgz 0ms (cache hit)
2177 http cache electron-to-chromium@https://registry.npmjs.org/electron-to-chromium/-/electron-to-chromium-1.5.259.tgz 0ms (cache hit)
2178 http cache caniuse-lite@https://registry.npmjs.org/caniuse-lite/-/caniuse-lite-1.0.30001757.tgz 0ms (cache hit)
2179 http cache @types/babel__traverse@https://registry.npmjs.org/@types/babel__traverse/-/babel__traverse-7.28.0.tgz 0ms (cache hit)
2180 http cache @types/babel__template@https://registry.npmjs.org/@types/babel__template/-/babel__template-7.4.4.tgz 0ms (cache hit)
2181 http cache baseline-browser-mapping@https://registry.npmjs.org/baseline-browser-mapping/-/baseline-browser-mapping-2.8.31.tgz 0ms (cache hit)
2182 http cache @types/babel__generator@https://registry.npmjs.org/@types/babel__generator/-/babel__generator-7.27.0.tgz 0ms (cache hit)
2183 http cache @jridgewell/resolve-uri@https://registry.npmjs.org/@jridgewell/resolve-uri/-/resolve-uri-3.1.2.tgz 0ms (cache hit)
2184 http cache @jridgewell/sourcemap-codec@https://registry.npmjs.org/@jridgewell/sourcemap-codec/-/sourcemap-codec-1.5.5.tgz 0ms (cache hit)
2185 http cache @babel/helper-globals@https://registry.npmjs.org/@babel/helper-globals/-/helper-globals-7.28.0.tgz 0ms (cache hit)
2186 http cache @babel/helper-string-parser@https://registry.npmjs.org/@babel/helper-string-parser/-/helper-string-parser-7.27.1.tgz 0ms (cache hit)
2187 http cache @babel/helper-plugin-utils@https://registry.npmjs.org/@babel/helper-plugin-utils/-/helper-plugin-utils-7.27.1.tgz 0ms (cache hit)
2188 http cache lru-cache@https://registry.npmjs.org/lru-cache/-/lru-cache-5.1.1.tgz 0ms (cache hit)
2189 http cache browserslist@https://registry.npmjs.org/browserslist/-/browserslist-4.28.0.tgz 0ms (cache hit)
2190 http cache @babel/helper-validator-option@https://registry.npmjs.org/@babel/helper-validator-option/-/helper-validator-option-7.27.1.tgz 0ms (cache hit)
2191 http cache @babel/helper-module-imports@https://registry.npmjs.org/@babel/helper-module-imports/-/helper-module-imports-7.27.1.tgz 0ms (cache hit)
2192 http cache @babel/compat-data@https://registry.npmjs.org/@babel/compat-data/-/compat-data-7.28.5.tgz 0ms (cache hit)
2193 http cache @jridgewell/gen-mapping@https://registry.npmjs.org/@jridgewell/gen-mapping/-/gen-mapping-0.3.13.tgz 0ms (cache hit)
2194 http cache jsesc@https://registry.npmjs.org/jsesc/-/jsesc-3.1.0.tgz 0ms (cache hit)
2195 http cache @jridgewell/trace-mapping@https://registry.npmjs.org/@jridgewell/trace-mapping/-/trace-mapping-0.3.31.tgz 0ms (cache hit)
2196 http cache picocolors@https://registry.npmjs.org/picocolors/-/picocolors-1.1.1.tgz 0ms (cache hit)
2197 http cache js-tokens@https://registry.npmjs.org/js-tokens/-/js-tokens-4.0.0.tgz 0ms (cache hit)
2198 http cache @babel/helper-validator-identifier@https://registry.npmjs.org/@babel/helper-validator-identifier/-/helper-validator-identifier-7.28.5.tgz 0ms (cache hit)
2199 http cache json5@https://registry.npmjs.org/json5/-/json5-2.2.3.tgz 0ms (cache hit)
2200 http cache semver@https://registry.npmjs.org/semver/-/semver-6.3.1.tgz 0ms (cache hit)
2201 http cache gensync@https://registry.npmjs.org/gensync/-/gensync-1.0.0-beta.2.tgz 0ms (cache hit)
2202 http cache debug@https://registry.npmjs.org/debug/-/debug-4.4.3.tgz 0ms (cache hit)
2203 http cache @jridgewell/remapping@https://registry.npmjs.org/@jridgewell/remapping/-/remapping-2.3.5.tgz 0ms (cache hit)
2204 http cache convert-source-map@https://registry.npmjs.org/convert-source-map/-/convert-source-map-2.0.0.tgz 0ms (cache hit)
2205 http cache @babel/types@https://registry.npmjs.org/@babel/types/-/types-7.28.5.tgz 0ms (cache hit)
2206 http cache @babel/template@https://registry.npmjs.org/@babel/template/-/template-7.27.2.tgz 0ms (cache hit)
2207 http cache @babel/parser@https://registry.npmjs.org/@babel/parser/-/parser-7.28.5.tgz 0ms (cache hit)
2208 http cache @babel/helpers@https://registry.npmjs.org/@babel/helpers/-/helpers-7.28.4.tgz 0ms (cache hit)
2209 http cache @babel/helper-module-transforms@https://registry.npmjs.org/@babel/helper-module-transforms/-/helper-module-transforms-7.28.3.tgz 0ms (cache hit)
2210 http cache @babel/traverse@https://registry.npmjs.org/@babel/traverse/-/traverse-7.28.5.tgz 0ms (cache hit)
2211 http cache @babel/code-frame@https://registry.npmjs.org/@babel/code-frame/-/code-frame-7.27.1.tgz 0ms (cache hit)
2212 http cache @babel/helper-compilation-targets@https://registry.npmjs.org/@babel/helper-compilation-targets/-/helper-compilation-targets-7.27.2.tgz 0ms (cache hit)
2213 http cache @babel/generator@https://registry.npmjs.org/@babel/generator/-/generator-7.28.5.tgz 0ms (cache hit)
2214 http cache @rolldown/pluginutils@https://registry.npmjs.org/@rolldown/pluginutils/-/pluginutils-1.0.0-beta.27.tgz 0ms (cache hit)
2215 http cache @babel/plugin-transform-react-jsx-source@https://registry.npmjs.org/@babel/plugin-transform-react-jsx-source/-/plugin-transform-react-jsx-source-7.27.1.tgz 0ms (cache hit)
2216 http cache @babel/plugin-transform-react-jsx-self@https://registry.npmjs.org/@babel/plugin-transform-react-jsx-self/-/plugin-transform-react-jsx-self-7.27.1.tgz 0ms (cache hit)
2217 http cache react-refresh@https://registry.npmjs.org/react-refresh/-/react-refresh-0.17.0.tgz 0ms (cache hit)
2218 http cache @types/babel__core@https://registry.npmjs.org/@types/babel__core/-/babel__core-7.20.5.tgz 0ms (cache hit)
2219 http cache csstype@https://registry.npmjs.org/csstype/-/csstype-3.2.3.tgz 0ms (cache hit)
2220 http cache @types/prop-types@https://registry.npmjs.org/@types/prop-types/-/prop-types-15.7.15.tgz 0ms (cache hit)
2221 http cache @babel/core@https://registry.npmjs.org/@babel/core/-/core-7.28.5.tgz 0ms (cache hit)
2222 http cache react-dom@https://registry.npmjs.org/react-dom/-/react-dom-18.3.1.tgz 0ms (cache hit)
2223 http cache lucide-react@https://registry.npmjs.org/lucide-react/-/lucide-react-0.292.0.tgz 0ms (cache hit)
2224 http cache react@https://registry.npmjs.org/react/-/react-18.3.1.tgz 0ms (cache hit)
2225 http cache framer-motion@https://registry.npmjs.org/framer-motion/-/framer-motion-10.18.0.tgz 0ms (cache hit)
2226 http cache eslint-plugin-react-hooks@https://registry.npmjs.org/eslint-plugin-react-hooks/-/eslint-plugin-react-hooks-4.6.2.tgz 0ms (cache hit)
2227 http cache eslint-plugin-react-refresh@https://registry.npmjs.org/eslint-plugin-react-refresh/-/eslint-plugin-react-refresh-0.4.24.tgz 0ms (cache hit)
2228 http cache eslint-plugin-react@https://registry.npmjs.org/eslint-plugin-react/-/eslint-plugin-react-7.37.5.tgz 0ms (cache hit)
2229 http cache vite@https://registry.npmjs.org/vite/-/vite-5.4.21.tgz 0ms (cache hit)
2230 http cache eslint@https://registry.npmjs.org/eslint/-/eslint-8.57.1.tgz 0ms (cache hit)
2231 http cache @vitejs/plugin-react@https://registry.npmjs.org/@vitejs/plugin-react/-/plugin-react-4.7.0.tgz 0ms (cache hit)
2232 http cache @types/react@https://registry.npmjs.org/@types/react/-/react-18.3.27.tgz 0ms (cache hit)
2233 http cache doctrine@https://registry.npmjs.org/doctrine/-/doctrine-2.1.0.tgz 0ms (cache hit)
2234 http cache @types/react-dom@https://registry.npmjs.org/@types/react-dom/-/react-dom-18.3.7.tgz 0ms (cache hit)
2235 silly tarball no local data for is-weakmap@https://registry.npmjs.org/is-weakmap/-/is-weakmap-2.0.2.tgz. Extracting by manifest.
2236 silly tarball no local data for is-weakset@https://registry.npmjs.org/is-weakset/-/is-weakset-2.0.4.tgz. Extracting by manifest.
2237 silly tarball no local data for generator-function@https://registry.npmjs.org/generator-function/-/generator-function-2.0.1.tgz. Extracting by manifest.
2238 silly tarball no local data for async-function@https://registry.npmjs.org/async-function/-/async-function-1.0.0.tgz. Extracting by manifest.
2239 silly tarball no local data for which-collection@https://registry.npmjs.org/which-collection/-/which-collection-1.0.2.tgz. Extracting by manifest.
2240 silly tarball no local data for is-generator-function@https://registry.npmjs.org/is-generator-function/-/is-generator-function-1.1.2.tgz. Extracting by manifest.
2241 silly tarball no local data for is-map@https://registry.npmjs.org/is-map/-/is-map-2.0.3.tgz. Extracting by manifest.
2242 silly tarball no local data for is-finalizationregistry@https://registry.npmjs.org/is-finalizationregistry/-/is-finalizationregistry-1.1.1.tgz. Extracting by manifest.
2243 silly tarball no local data for is-async-function@https://registry.npmjs.org/is-async-function/-/is-async-function-2.1.1.tgz. Extracting by manifest.
2244 silly tarball no local data for is-number-object@https://registry.npmjs.org/is-number-object/-/is-number-object-1.1.1.tgz. Extracting by manifest.
2245 silly tarball no local data for is-bigint@https://registry.npmjs.org/is-bigint/-/is-bigint-1.1.0.tgz. Extracting by manifest.
2246 silly tarball no local data for is-boolean-object@https://registry.npmjs.org/is-boolean-object/-/is-boolean-object-1.2.2.tgz. Extracting by manifest.
2247 silly tarball no local data for isexe@https://registry.npmjs.org/isexe/-/isexe-2.0.0.tgz. Extracting by manifest.
2248 silly tarball no local data for @types/estree@https://registry.npmjs.org/@types/estree/-/estree-1.0.8.tgz. Extracting by manifest.
2249 silly tarball no local data for @rollup/rollup-darwin-arm64@https://registry.npmjs.org/@rollup/rollup-darwin-arm64/-/rollup-darwin-arm64-4.53.3.tgz. Extracting by manifest.
2250 silly tarball no local data for source-map-js@https://registry.npmjs.org/source-map-js/-/source-map-js-1.2.1.tgz. Extracting by manifest.
2251 silly tarball no local data for @esbuild/darwin-arm64@https://registry.npmjs.org/@esbuild/darwin-arm64/-/darwin-arm64-0.21.5.tgz. Extracting by manifest.
2252 silly tarball no local data for rollup@https://registry.npmjs.org/rollup/-/rollup-4.53.3.tgz. Extracting by manifest.
2253 silly tarball no local data for nanoid@https://registry.npmjs.org/nanoid/-/nanoid-3.3.11.tgz. Extracting by manifest.
2254 silly tarball no local data for fsevents@https://registry.npmjs.org/fsevents/-/fsevents-2.3.3.tgz. Extracting by manifest.
2255 silly tarball no local data for postcss@https://registry.npmjs.org/postcss/-/postcss-8.5.6.tgz. Extracting by manifest.
2256 silly tarball no local data for escalade@https://registry.npmjs.org/escalade/-/escalade-3.2.0.tgz. Extracting by manifest.
2257 silly tarball no local data for which-boxed-primitive@https://registry.npmjs.org/which-boxed-primitive/-/which-boxed-primitive-1.1.1.tgz. Extracting by manifest.
2258 silly tarball no local data for esbuild@https://registry.npmjs.org/esbuild/-/esbuild-0.21.5.tgz. Extracting by manifest.
2259 silly tarball no local data for punycode@https://registry.npmjs.org/punycode/-/punycode-2.3.1.tgz. Extracting by manifest.
2260 silly tarball no local data for has-bigints@https://registry.npmjs.org/has-bigints/-/has-bigints-1.1.0.tgz. Extracting by manifest.
2261 silly tarball no local data for which-builtin-type@https://registry.npmjs.org/which-builtin-type/-/which-builtin-type-1.2.1.tgz. Extracting by manifest.
2262 silly tarball no local data for has-flag@https://registry.npmjs.org/has-flag/-/has-flag-4.0.0.tgz. Extracting by manifest.
2263 silly tarball no local data for ansi-regex@https://registry.npmjs.org/ansi-regex/-/ansi-regex-5.0.1.tgz. Extracting by manifest.
2264 silly tarball no local data for reflect.getprototypeof@https://registry.npmjs.org/reflect.getprototypeof/-/reflect.getprototypeof-1.0.10.tgz. Extracting by manifest.
2265 silly tarball no local data for for-each@https://registry.npmjs.org/for-each/-/for-each-0.3.5.tgz. Extracting by manifest.
2266 silly tarball no local data for side-channel-weakmap@https://registry.npmjs.org/side-channel-weakmap/-/side-channel-weakmap-1.0.2.tgz. Extracting by manifest.
2267 silly tarball no local data for side-channel-map@https://registry.npmjs.org/side-channel-map/-/side-channel-map-1.0.1.tgz. Extracting by manifest.
2268 silly tarball no local data for shebang-regex@https://registry.npmjs.org/shebang-regex/-/shebang-regex-3.0.0.tgz. Extracting by manifest.
2269 silly tarball no local data for side-channel-list@https://registry.npmjs.org/side-channel-list/-/side-channel-list-1.0.0.tgz. Extracting by manifest.
2270 silly tarball no local data for isarray@https://registry.npmjs.org/isarray/-/isarray-2.0.5.tgz. Extracting by manifest.
2271 silly tarball no local data for wrappy@https://registry.npmjs.org/wrappy/-/wrappy-1.0.2.tgz. Extracting by manifest.
2272 silly tarball no local data for once@https://registry.npmjs.org/once/-/once-1.4.0.tgz. Extracting by manifest.
2273 silly tarball no local data for queue-microtask@https://registry.npmjs.org/queue-microtask/-/queue-microtask-1.2.3.tgz. Extracting by manifest.
2274 silly tarball no local data for fs.realpath@https://registry.npmjs.org/fs.realpath/-/fs.realpath-1.0.0.tgz. Extracting by manifest.
2275 silly tarball no local data for inflight@https://registry.npmjs.org/inflight/-/inflight-1.0.6.tgz. Extracting by manifest.
2276 silly tarball no local data for inherits@https://registry.npmjs.org/inherits/-/inherits-2.0.4.tgz. Extracting by manifest.
2277 silly tarball no local data for glob@https://registry.npmjs.org/glob/-/glob-7.2.3.tgz. Extracting by manifest.
2278 silly tarball no local data for supports-preserve-symlinks-flag@https://registry.npmjs.org/supports-preserve-symlinks-flag/-/supports-preserve-symlinks-flag-1.0.0.tgz. Extracting by manifest.
2279 silly tarball no local data for path-is-absolute@https://registry.npmjs.org/path-is-absolute/-/path-is-absolute-1.0.1.tgz. Extracting by manifest.
2280 silly tarball no local data for is-core-module@https://registry.npmjs.org/is-core-module/-/is-core-module-2.16.1.tgz. Extracting by manifest.
2281 silly tarball no local data for scheduler@https://registry.npmjs.org/scheduler/-/scheduler-0.23.2.tgz. Extracting by manifest.
2282 silly tarball no local data for react-is@https://registry.npmjs.org/react-is/-/react-is-16.13.1.tgz. Extracting by manifest.
2283 silly tarball no local data for object-assign@https://registry.npmjs.org/object-assign/-/object-assign-4.1.1.tgz. Extracting by manifest.
2284 silly tarball no local data for yocto-queue@https://registry.npmjs.org/yocto-queue/-/yocto-queue-0.1.0.tgz. Extracting by manifest.
2285 silly tarball no local data for callsites@https://registry.npmjs.org/callsites/-/callsites-3.1.0.tgz. Extracting by manifest.
2286 silly tarball no local data for loose-envify@https://registry.npmjs.org/loose-envify/-/loose-envify-1.4.0.tgz. Extracting by manifest.
2287 silly tarball no local data for fast-levenshtein@https://registry.npmjs.org/fast-levenshtein/-/fast-levenshtein-2.0.6.tgz. Extracting by manifest.
2288 silly tarball no local data for path-parse@https://registry.npmjs.org/path-parse/-/path-parse-1.0.7.tgz. Extracting by manifest.
2289 silly tarball no local data for word-wrap@https://registry.npmjs.org/word-wrap/-/word-wrap-1.2.5.tgz. Extracting by manifest.
2290 silly tarball no local data for p-limit@https://registry.npmjs.org/p-limit/-/p-limit-3.1.0.tgz. Extracting by manifest.
2291 silly tarball no local data for deep-is@https://registry.npmjs.org/deep-is/-/deep-is-0.1.4.tgz. Extracting by manifest.
2292 silly tarball no local data for balanced-match@https://registry.npmjs.org/balanced-match/-/balanced-match-1.0.2.tgz. Extracting by manifest.
2293 silly tarball no local data for brace-expansion@https://registry.npmjs.org/brace-expansion/-/brace-expansion-1.1.12.tgz. Extracting by manifest.
2294 silly tarball no local data for concat-map@https://registry.npmjs.org/concat-map/-/concat-map-0.0.1.tgz. Extracting by manifest.
2295 silly tarball no local data for yallist@https://registry.npmjs.org/yallist/-/yallist-3.1.1.tgz. Extracting by manifest.
2296 silly tarball no local data for prelude-ls@https://registry.npmjs.org/prelude-ls/-/prelude-ls-1.2.1.tgz. Extracting by manifest.
2297 silly tarball no local data for array.prototype.flat@https://registry.npmjs.org/array.prototype.flat/-/array.prototype.flat-1.3.3.tgz. Extracting by manifest.
2298 silly tarball no local data for json-buffer@https://registry.npmjs.org/json-buffer/-/json-buffer-3.0.1.tgz. Extracting by manifest.
2299 silly tarball no local data for p-locate@https://registry.npmjs.org/p-locate/-/p-locate-5.0.0.tgz. Extracting by manifest.
2300 silly tarball no local data for type-check@https://registry.npmjs.org/type-check/-/type-check-0.4.0.tgz. Extracting by manifest.
2301 silly tarball no local data for set-function-name@https://registry.npmjs.org/set-function-name/-/set-function-name-2.0.2.tgz. Extracting by manifest.
2302 silly tarball no local data for is-extglob@https://registry.npmjs.org/is-extglob/-/is-extglob-2.1.1.tgz. Extracting by manifest.
2303 silly tarball no local data for side-channel@https://registry.npmjs.org/side-channel/-/side-channel-1.1.0.tgz. Extracting by manifest.
2304 silly tarball no local data for argparse@https://registry.npmjs.org/argparse/-/argparse-2.0.1.tgz. Extracting by manifest.
2305 silly tarball no local data for parent-module@https://registry.npmjs.org/parent-module/-/parent-module-1.0.1.tgz. Extracting by manifest.
2306 silly tarball no local data for dunder-proto@https://registry.npmjs.org/dunder-proto/-/dunder-proto-1.0.1.tgz. Extracting by manifest.
2307 silly tarball no local data for functions-have-names@https://registry.npmjs.org/functions-have-names/-/functions-have-names-1.2.3.tgz. Extracting by manifest.
2308 silly tarball no local data for resolve-from@https://registry.npmjs.org/resolve-from/-/resolve-from-4.0.0.tgz. Extracting by manifest.
2309 silly tarball no local data for @emotion/memoize@https://registry.npmjs.org/@emotion/memoize/-/memoize-0.7.4.tgz. Extracting by manifest.
2310 silly tarball no local data for tslib@https://registry.npmjs.org/tslib/-/tslib-2.8.1.tgz. Extracting by manifest.
2311 silly tarball no local data for rimraf@https://registry.npmjs.org/rimraf/-/rimraf-3.0.2.tgz. Extracting by manifest.
2312 silly tarball no local data for type-fest@https://registry.npmjs.org/type-fest/-/type-fest-0.20.2.tgz. Extracting by manifest.
2313 silly tarball no local data for keyv@https://registry.npmjs.org/keyv/-/keyv-4.5.4.tgz. Extracting by manifest.
2314 silly tarball no local data for flatted@https://registry.npmjs.org/flatted/-/flatted-3.3.3.tgz. Extracting by manifest.
2315 silly tarball no local data for path-exists@https://registry.npmjs.org/path-exists/-/path-exists-4.0.0.tgz. Extracting by manifest.
2316 silly tarball no local data for locate-path@https://registry.npmjs.org/locate-path/-/locate-path-6.0.0.tgz. Extracting by manifest.
2317 silly tarball no local data for @emotion/is-prop-valid@https://registry.npmjs.org/@emotion/is-prop-valid/-/is-prop-valid-0.8.8.tgz. Extracting by manifest.
2318 silly tarball no local data for reusify@https://registry.npmjs.org/reusify/-/reusify-1.1.0.tgz. Extracting by manifest.
2319 silly tarball no local data for acorn-jsx@https://registry.npmjs.org/acorn-jsx/-/acorn-jsx-5.3.2.tgz. Extracting by manifest.
2320 silly tarball no local data for esrecurse@https://registry.npmjs.org/esrecurse/-/esrecurse-4.3.0.tgz. Extracting by manifest.
2321 silly tarball no local data for acorn@https://registry.npmjs.org/acorn/-/acorn-8.15.0.tgz. Extracting by manifest.
2322 silly tarball no local data for flat-cache@https://registry.npmjs.org/flat-cache/-/flat-cache-3.2.0.tgz. Extracting by manifest.
2323 silly tarball no local data for is-date-object@https://registry.npmjs.org/is-date-object/-/is-date-object-1.1.0.tgz. Extracting by manifest.
2324 silly tarball no local data for has-tostringtag@https://registry.npmjs.org/has-tostringtag/-/has-tostringtag-1.0.2.tgz. Extracting by manifest.
2325 silly tarball no local data for is-symbol@https://registry.npmjs.org/is-symbol/-/is-symbol-1.1.1.tgz. Extracting by manifest.
2326 silly tarball no local data for possible-typed-array-names@https://registry.npmjs.org/possible-typed-array-names/-/possible-typed-array-names-1.1.0.tgz. Extracting by manifest.
2327 silly tarball no local data for unbox-primitive@https://registry.npmjs.org/unbox-primitive/-/unbox-primitive-1.1.0.tgz. Extracting by manifest.
2328 silly tarball no local data for iterator.prototype@https://registry.npmjs.org/iterator.prototype/-/iterator.prototype-1.1.5.tgz. Extracting by manifest.
2329 silly tarball no local data for typed-array-length@https://registry.npmjs.org/typed-array-length/-/typed-array-length-1.0.7.tgz. Extracting by manifest.
2330 silly tarball no local data for typed-array-byte-offset@https://registry.npmjs.org/typed-array-byte-offset/-/typed-array-byte-offset-1.0.4.tgz. Extracting by manifest.
2331 silly tarball no local data for which-typed-array@https://registry.npmjs.org/which-typed-array/-/which-typed-array-1.1.19.tgz. Extracting by manifest.
2332 silly tarball no local data for typed-array-buffer@https://registry.npmjs.org/typed-array-buffer/-/typed-array-buffer-1.0.3.tgz. Extracting by manifest.
2333 silly tarball no local data for string.prototype.trimstart@https://registry.npmjs.org/string.prototype.trimstart/-/string.prototype.trimstart-1.0.8.tgz. Extracting by manifest.
2334 silly tarball no local data for string.prototype.trimend@https://registry.npmjs.org/string.prototype.trimend/-/string.prototype.trimend-1.0.9.tgz. Extracting by manifest.
2335 silly tarball no local data for stop-iteration-iterator@https://registry.npmjs.org/stop-iteration-iterator/-/stop-iteration-iterator-1.1.0.tgz. Extracting by manifest.
2336 silly tarball no local data for typed-array-byte-length@https://registry.npmjs.org/typed-array-byte-length/-/typed-array-byte-length-1.0.3.tgz. Extracting by manifest.
2337 silly tarball no local data for set-proto@https://registry.npmjs.org/set-proto/-/set-proto-1.0.0.tgz. Extracting by manifest.
2338 silly tarball no local data for safe-push-apply@https://registry.npmjs.org/safe-push-apply/-/safe-push-apply-1.0.0.tgz. Extracting by manifest.
2339 silly tarball no local data for safe-regex-test@https://registry.npmjs.org/safe-regex-test/-/safe-regex-test-1.1.0.tgz. Extracting by manifest.
2340 silly tarball no local data for safe-array-concat@https://registry.npmjs.org/safe-array-concat/-/safe-array-concat-1.1.3.tgz. Extracting by manifest.
2341 silly tarball no local data for regexp.prototype.flags@https://registry.npmjs.org/regexp.prototype.flags/-/regexp.prototype.flags-1.5.4.tgz. Extracting by manifest.
2342 silly tarball no local data for own-keys@https://registry.npmjs.org/own-keys/-/own-keys-1.0.1.tgz. Extracting by manifest.
2343 silly tarball no local data for object-inspect@https://registry.npmjs.org/object-inspect/-/object-inspect-1.13.4.tgz. Extracting by manifest.
2344 silly tarball no local data for object.assign@https://registry.npmjs.org/object.assign/-/object.assign-4.1.7.tgz. Extracting by manifest.
2345 silly tarball no local data for string.prototype.trim@https://registry.npmjs.org/string.prototype.trim/-/string.prototype.trim-1.2.10.tgz. Extracting by manifest.
2346 silly tarball no local data for is-weakref@https://registry.npmjs.org/is-weakref/-/is-weakref-1.1.1.tgz. Extracting by manifest.
2347 silly tarball no local data for is-set@https://registry.npmjs.org/is-set/-/is-set-2.0.3.tgz. Extracting by manifest.
2348 silly tarball no local data for is-negative-zero@https://registry.npmjs.org/is-negative-zero/-/is-negative-zero-2.0.3.tgz. Extracting by manifest.
2349 silly tarball no local data for is-regex@https://registry.npmjs.org/is-regex/-/is-regex-1.2.1.tgz. Extracting by manifest.
2350 silly tarball no local data for is-typed-array@https://registry.npmjs.org/is-typed-array/-/is-typed-array-1.1.15.tgz. Extracting by manifest.
2351 silly tarball no local data for is-data-view@https://registry.npmjs.org/is-data-view/-/is-data-view-1.0.2.tgz. Extracting by manifest.
2352 silly tarball no local data for is-callable@https://registry.npmjs.org/is-callable/-/is-callable-1.2.7.tgz. Extracting by manifest.
2353 silly tarball no local data for is-shared-array-buffer@https://registry.npmjs.org/is-shared-array-buffer/-/is-shared-array-buffer-1.0.4.tgz. Extracting by manifest.
2354 silly tarball no local data for is-array-buffer@https://registry.npmjs.org/is-array-buffer/-/is-array-buffer-3.0.5.tgz. Extracting by manifest.
2355 silly tarball no local data for has-symbols@https://registry.npmjs.org/has-symbols/-/has-symbols-1.1.0.tgz. Extracting by manifest.
2356 silly tarball no local data for internal-slot@https://registry.npmjs.org/internal-slot/-/internal-slot-1.1.0.tgz. Extracting by manifest.
2357 silly tarball no local data for has-proto@https://registry.npmjs.org/has-proto/-/has-proto-1.2.0.tgz. Extracting by manifest.
2358 silly tarball no local data for globalthis@https://registry.npmjs.org/globalthis/-/globalthis-1.0.4.tgz. Extracting by manifest.
2359 silly tarball no local data for get-symbol-description@https://registry.npmjs.org/get-symbol-description/-/get-symbol-description-1.1.0.tgz. Extracting by manifest.
2360 silly tarball no local data for function.prototype.name@https://registry.npmjs.org/function.prototype.name/-/function.prototype.name-1.1.8.tgz. Extracting by manifest.
2361 silly tarball no local data for es-set-tostringtag@https://registry.npmjs.org/es-set-tostringtag/-/es-set-tostringtag-2.1.0.tgz. Extracting by manifest.
2362 silly tarball no local data for data-view-byte-offset@https://registry.npmjs.org/data-view-byte-offset/-/data-view-byte-offset-1.0.1.tgz. Extracting by manifest.
2363 silly tarball no local data for es-to-primitive@https://registry.npmjs.org/es-to-primitive/-/es-to-primitive-1.3.0.tgz. Extracting by manifest.
2364 silly tarball no local data for get-proto@https://registry.npmjs.org/get-proto/-/get-proto-1.0.1.tgz. Extracting by manifest.
2365 silly tarball no local data for data-view-byte-length@https://registry.npmjs.org/data-view-byte-length/-/data-view-byte-length-1.0.2.tgz. Extracting by manifest.
2366 silly tarball no local data for data-view-buffer@https://registry.npmjs.org/data-view-buffer/-/data-view-buffer-1.0.2.tgz. Extracting by manifest.
2367 silly tarball no local data for available-typed-arrays@https://registry.npmjs.org/available-typed-arrays/-/available-typed-arrays-1.0.7.tgz. Extracting by manifest.
2368 silly tarball no local data for arraybuffer.prototype.slice@https://registry.npmjs.org/arraybuffer.prototype.slice/-/arraybuffer.prototype.slice-1.0.4.tgz. Extracting by manifest.
2369 silly tarball no local data for object-keys@https://registry.npmjs.org/object-keys/-/object-keys-1.1.1.tgz. Extracting by manifest.
2370 silly tarball no local data for array-buffer-byte-length@https://registry.npmjs.org/array-buffer-byte-length/-/array-buffer-byte-length-1.0.2.tgz. Extracting by manifest.
2371 silly tarball no local data for has-property-descriptors@https://registry.npmjs.org/has-property-descriptors/-/has-property-descriptors-1.0.2.tgz. Extracting by manifest.
2372 silly tarball no local data for function-bind@https://registry.npmjs.org/function-bind/-/function-bind-1.1.2.tgz. Extracting by manifest.
2373 silly tarball no local data for define-data-property@https://registry.npmjs.org/define-data-property/-/define-data-property-1.1.4.tgz. Extracting by manifest.
2374 silly tarball no local data for gopd@https://registry.npmjs.org/gopd/-/gopd-1.2.0.tgz. Extracting by manifest.
2375 silly tarball no local data for set-function-length@https://registry.npmjs.org/set-function-length/-/set-function-length-1.2.2.tgz. Extracting by manifest.
2376 silly tarball no local data for call-bind-apply-helpers@https://registry.npmjs.org/call-bind-apply-helpers/-/call-bind-apply-helpers-1.0.2.tgz. Extracting by manifest.
2377 silly tarball no local data for es-shim-unscopables@https://registry.npmjs.org/es-shim-unscopables/-/es-shim-unscopables-1.1.0.tgz. Extracting by manifest.
2378 silly tarball no local data for es-errors@https://registry.npmjs.org/es-errors/-/es-errors-1.3.0.tgz. Extracting by manifest.
2379 silly tarball no local data for math-intrinsics@https://registry.npmjs.org/math-intrinsics/-/math-intrinsics-1.1.0.tgz. Extracting by manifest.
2380 silly tarball no local data for es-define-property@https://registry.npmjs.org/es-define-property/-/es-define-property-1.0.1.tgz. Extracting by manifest.
2381 silly tarball no local data for get-intrinsic@https://registry.npmjs.org/get-intrinsic/-/get-intrinsic-1.3.0.tgz. Extracting by manifest.
2382 silly tarball no local data for is-string@https://registry.npmjs.org/is-string/-/is-string-1.1.1.tgz. Extracting by manifest.
2383 silly tarball no local data for es-object-atoms@https://registry.npmjs.org/es-object-atoms/-/es-object-atoms-1.1.1.tgz. Extracting by manifest.
2384 silly tarball no local data for define-properties@https://registry.npmjs.org/define-properties/-/define-properties-1.2.1.tgz. Extracting by manifest.
2385 silly tarball no local data for call-bind@https://registry.npmjs.org/call-bind/-/call-bind-1.0.8.tgz. Extracting by manifest.
2386 silly tarball no local data for es-abstract@https://registry.npmjs.org/es-abstract/-/es-abstract-1.24.0.tgz. Extracting by manifest.
2387 silly tarball no local data for call-bound@https://registry.npmjs.org/call-bound/-/call-bound-1.0.4.tgz. Extracting by manifest.
2388 silly tarball no local data for string.prototype.matchall@https://registry.npmjs.org/string.prototype.matchall/-/string.prototype.matchall-4.0.12.tgz. Extracting by manifest.
2389 silly tarball no local data for resolve@https://registry.npmjs.org/resolve/-/resolve-2.0.0-next.5.tgz. Extracting by manifest.
2390 silly tarball no local data for object.values@https://registry.npmjs.org/object.values/-/object.values-1.2.1.tgz. Extracting by manifest.
2391 silly tarball no local data for prop-types@https://registry.npmjs.org/prop-types/-/prop-types-15.8.1.tgz. Extracting by manifest.
2392 silly tarball no local data for object.fromentries@https://registry.npmjs.org/object.fromentries/-/object.fromentries-2.0.8.tgz. Extracting by manifest.
2393 silly tarball no local data for string.prototype.repeat@https://registry.npmjs.org/string.prototype.repeat/-/string.prototype.repeat-1.0.0.tgz. Extracting by manifest.
2394 silly tarball no local data for jsx-ast-utils@https://registry.npmjs.org/jsx-ast-utils/-/jsx-ast-utils-3.3.5.tgz. Extracting by manifest.
2395 silly tarball no local data for hasown@https://registry.npmjs.org/hasown/-/hasown-2.0.2.tgz. Extracting by manifest.
2396 silly tarball no local data for object.entries@https://registry.npmjs.org/object.entries/-/object.entries-1.1.9.tgz. Extracting by manifest.
2397 silly tarball no local data for estraverse@https://registry.npmjs.org/estraverse/-/estraverse-5.3.0.tgz. Extracting by manifest.
2398 silly tarball no local data for es-iterator-helpers@https://registry.npmjs.org/es-iterator-helpers/-/es-iterator-helpers-1.2.1.tgz. Extracting by manifest.
2399 silly tarball no local data for array.prototype.flatmap@https://registry.npmjs.org/array.prototype.flatmap/-/array.prototype.flatmap-1.3.3.tgz. Extracting by manifest.
2400 silly tarball no local data for array.prototype.findlast@https://registry.npmjs.org/array.prototype.findlast/-/array.prototype.findlast-1.2.5.tgz. Extracting by manifest.
2401 silly tarball no local data for array-includes@https://registry.npmjs.org/array-includes/-/array-includes-3.1.9.tgz. Extracting by manifest.
2402 silly tarball no local data for which@https://registry.npmjs.org/which/-/which-2.0.2.tgz. Extracting by manifest.
2403 silly tarball no local data for array.prototype.tosorted@https://registry.npmjs.org/array.prototype.tosorted/-/array.prototype.tosorted-1.1.4.tgz. Extracting by manifest.
2404 silly tarball no local data for path-key@https://registry.npmjs.org/path-key/-/path-key-3.1.1.tgz. Extracting by manifest.
2405 silly tarball no local data for color-convert@https://registry.npmjs.org/color-convert/-/color-convert-2.0.1.tgz. Extracting by manifest.
2406 silly tarball no local data for shebang-command@https://registry.npmjs.org/shebang-command/-/shebang-command-2.0.0.tgz. Extracting by manifest.
2407 silly tarball no local data for supports-color@https://registry.npmjs.org/supports-color/-/supports-color-7.2.0.tgz. Extracting by manifest.
2408 silly tarball no local data for color-name@https://registry.npmjs.org/color-name/-/color-name-1.1.4.tgz. Extracting by manifest.
2409 silly tarball no local data for json-schema-traverse@https://registry.npmjs.org/json-schema-traverse/-/json-schema-traverse-0.4.1.tgz. Extracting by manifest.
2410 silly tarball no local data for fast-json-stable-stringify@https://registry.npmjs.org/fast-json-stable-stringify/-/fast-json-stable-stringify-2.1.0.tgz. Extracting by manifest.
2411 silly tarball no local data for run-parallel@https://registry.npmjs.org/run-parallel/-/run-parallel-1.2.0.tgz. Extracting by manifest.
2412 silly tarball no local data for ansi-styles@https://registry.npmjs.org/ansi-styles/-/ansi-styles-4.3.0.tgz. Extracting by manifest.
2413 silly tarball no local data for @nodelib/fs.stat@https://registry.npmjs.org/@nodelib/fs.stat/-/fs.stat-2.0.5.tgz. Extracting by manifest.
2414 silly tarball no local data for uri-js@https://registry.npmjs.org/uri-js/-/uri-js-4.4.1.tgz. Extracting by manifest.
2415 silly tarball no local data for fastq@https://registry.npmjs.org/fastq/-/fastq-1.19.1.tgz. Extracting by manifest.
2416 silly tarball no local data for @humanwhocodes/object-schema@https://registry.npmjs.org/@humanwhocodes/object-schema/-/object-schema-2.0.3.tgz. Extracting by manifest.
2417 silly tarball no local data for strip-json-comments@https://registry.npmjs.org/strip-json-comments/-/strip-json-comments-3.1.1.tgz. Extracting by manifest.
2418 silly tarball no local data for import-fresh@https://registry.npmjs.org/import-fresh/-/import-fresh-3.3.1.tgz. Extracting by manifest.
2419 silly tarball no local data for @nodelib/fs.scandir@https://registry.npmjs.org/@nodelib/fs.scandir/-/fs.scandir-2.1.5.tgz. Extracting by manifest.
2420 silly tarball no local data for text-table@https://registry.npmjs.org/text-table/-/text-table-0.2.0.tgz. Extracting by manifest.
2421 silly tarball no local data for strip-ansi@https://registry.npmjs.org/strip-ansi/-/strip-ansi-6.0.1.tgz. Extracting by manifest.
2422 silly tarball no local data for natural-compare@https://registry.npmjs.org/natural-compare/-/natural-compare-1.4.0.tgz. Extracting by manifest.
2423 silly tarball no local data for optionator@https://registry.npmjs.org/optionator/-/optionator-0.9.4.tgz. Extracting by manifest.
2424 silly tarball no local data for minimatch@https://registry.npmjs.org/minimatch/-/minimatch-3.1.2.tgz. Extracting by manifest.
2425 silly tarball no local data for levn@https://registry.npmjs.org/levn/-/levn-0.4.1.tgz. Extracting by manifest.
2426 silly tarball no local data for lodash.merge@https://registry.npmjs.org/lodash.merge/-/lodash.merge-4.6.2.tgz. Extracting by manifest.
2427 silly tarball no local data for json-stable-stringify-without-jsonify@https://registry.npmjs.org/json-stable-stringify-without-jsonify/-/json-stable-stringify-without-jsonify-1.0.1.tgz. Extracting by manifest.
2428 silly tarball no local data for js-yaml@https://registry.npmjs.org/js-yaml/-/js-yaml-4.1.1.tgz. Extracting by manifest.
2429 silly tarball no local data for is-glob@https://registry.npmjs.org/is-glob/-/is-glob-4.0.3.tgz. Extracting by manifest.
2430 silly tarball no local data for is-path-inside@https://registry.npmjs.org/is-path-inside/-/is-path-inside-3.0.3.tgz. Extracting by manifest.
2431 silly tarball no local data for imurmurhash@https://registry.npmjs.org/imurmurhash/-/imurmurhash-0.1.4.tgz. Extracting by manifest.
2432 silly tarball no local data for graphemer@https://registry.npmjs.org/graphemer/-/graphemer-1.4.0.tgz. Extracting by manifest.
2433 silly tarball no local data for globals@https://registry.npmjs.org/globals/-/globals-13.24.0.tgz. Extracting by manifest.
2434 silly tarball no local data for find-up@https://registry.npmjs.org/find-up/-/find-up-5.0.0.tgz. Extracting by manifest.
2435 silly tarball no local data for ignore@https://registry.npmjs.org/ignore/-/ignore-5.3.2.tgz. Extracting by manifest.
2436 silly tarball no local data for file-entry-cache@https://registry.npmjs.org/file-entry-cache/-/file-entry-cache-6.0.1.tgz. Extracting by manifest.
2437 silly tarball no local data for glob-parent@https://registry.npmjs.org/glob-parent/-/glob-parent-6.0.2.tgz. Extracting by manifest.
2438 silly tarball no local data for esutils@https://registry.npmjs.org/esutils/-/esutils-2.0.3.tgz. Extracting by manifest.
2439 silly tarball no local data for esquery@https://registry.npmjs.org/esquery/-/esquery-1.6.0.tgz. Extracting by manifest.
2440 silly tarball no local data for espree@https://registry.npmjs.org/espree/-/espree-9.6.1.tgz. Extracting by manifest.
2441 silly tarball no local data for eslint-visitor-keys@https://registry.npmjs.org/eslint-visitor-keys/-/eslint-visitor-keys-3.4.3.tgz. Extracting by manifest.
2442 silly tarball no local data for eslint-scope@https://registry.npmjs.org/eslint-scope/-/eslint-scope-7.2.2.tgz. Extracting by manifest.
2443 silly tarball no local data for fast-deep-equal@https://registry.npmjs.org/fast-deep-equal/-/fast-deep-equal-3.1.3.tgz. Extracting by manifest.
2444 silly tarball no local data for doctrine@https://registry.npmjs.org/doctrine/-/doctrine-3.0.0.tgz. Extracting by manifest.
2445 silly tarball no local data for cross-spawn@https://registry.npmjs.org/cross-spawn/-/cross-spawn-7.0.6.tgz. Extracting by manifest.
2446 silly tarball no local data for escape-string-regexp@https://registry.npmjs.org/escape-string-regexp/-/escape-string-regexp-4.0.0.tgz. Extracting by manifest.
2447 silly tarball no local data for ajv@https://registry.npmjs.org/ajv/-/ajv-6.12.6.tgz. Extracting by manifest.
2448 silly tarball no local data for @ungap/structured-clone@https://registry.npmjs.org/@ungap/structured-clone/-/structured-clone-1.3.0.tgz. Extracting by manifest.
2449 silly tarball no local data for chalk@https://registry.npmjs.org/chalk/-/chalk-4.1.2.tgz. Extracting by manifest.
2450 silly tarball no local data for @nodelib/fs.walk@https://registry.npmjs.org/@nodelib/fs.walk/-/fs.walk-1.2.8.tgz. Extracting by manifest.
2451 silly tarball no local data for @humanwhocodes/module-importer@https://registry.npmjs.org/@humanwhocodes/module-importer/-/module-importer-1.0.1.tgz. Extracting by manifest.
2452 silly tarball no local data for @humanwhocodes/config-array@https://registry.npmjs.org/@humanwhocodes/config-array/-/config-array-0.13.0.tgz. Extracting by manifest.
2453 silly tarball no local data for @eslint/js@https://registry.npmjs.org/@eslint/js/-/js-8.57.1.tgz. Extracting by manifest.
2454 silly tarball no local data for @eslint-community/regexpp@https://registry.npmjs.org/@eslint-community/regexpp/-/regexpp-4.12.2.tgz. Extracting by manifest.
2455 silly tarball no local data for ms@https://registry.npmjs.org/ms/-/ms-2.1.3.tgz. Extracting by manifest.
2456 silly tarball no local data for @eslint-community/eslint-utils@https://registry.npmjs.org/@eslint-community/eslint-utils/-/eslint-utils-4.9.0.tgz. Extracting by manifest.
2457 silly tarball no local data for update-browserslist-db@https://registry.npmjs.org/update-browserslist-db/-/update-browserslist-db-1.1.4.tgz. Extracting by manifest.
2458 silly tarball no local data for node-releases@https://registry.npmjs.org/node-releases/-/node-releases-2.0.27.tgz. Extracting by manifest.
2459 silly tarball no local data for @eslint/eslintrc@https://registry.npmjs.org/@eslint/eslintrc/-/eslintrc-2.1.4.tgz. Extracting by manifest.
2460 silly tarball no local data for electron-to-chromium@https://registry.npmjs.org/electron-to-chromium/-/electron-to-chromium-1.5.259.tgz. Extracting by manifest.
2461 silly tarball no local data for caniuse-lite@https://registry.npmjs.org/caniuse-lite/-/caniuse-lite-1.0.30001757.tgz. Extracting by manifest.
2462 silly tarball no local data for @types/babel__traverse@https://registry.npmjs.org/@types/babel__traverse/-/babel__traverse-7.28.0.tgz. Extracting by manifest.
2463 silly tarball no local data for @types/babel__template@https://registry.npmjs.org/@types/babel__template/-/babel__template-7.4.4.tgz. Extracting by manifest.
2464 silly tarball no local data for baseline-browser-mapping@https://registry.npmjs.org/baseline-browser-mapping/-/baseline-browser-mapping-2.8.31.tgz. Extracting by manifest.
2465 silly tarball no local data for @types/babel__generator@https://registry.npmjs.org/@types/babel__generator/-/babel__generator-7.27.0.tgz. Extracting by manifest.
2466 silly tarball no local data for @jridgewell/resolve-uri@https://registry.npmjs.org/@jridgewell/resolve-uri/-/resolve-uri-3.1.2.tgz. Extracting by manifest.
2467 silly tarball no local data for @jridgewell/sourcemap-codec@https://registry.npmjs.org/@jridgewell/sourcemap-codec/-/sourcemap-codec-1.5.5.tgz. Extracting by manifest.
2468 silly tarball no local data for @babel/helper-globals@https://registry.npmjs.org/@babel/helper-globals/-/helper-globals-7.28.0.tgz. Extracting by manifest.
2469 silly tarball no local data for @babel/helper-string-parser@https://registry.npmjs.org/@babel/helper-string-parser/-/helper-string-parser-7.27.1.tgz. Extracting by manifest.
2470 silly tarball no local data for @babel/helper-plugin-utils@https://registry.npmjs.org/@babel/helper-plugin-utils/-/helper-plugin-utils-7.27.1.tgz. Extracting by manifest.
2471 silly tarball no local data for lru-cache@https://registry.npmjs.org/lru-cache/-/lru-cache-5.1.1.tgz. Extracting by manifest.
2472 silly tarball no local data for browserslist@https://registry.npmjs.org/browserslist/-/browserslist-4.28.0.tgz. Extracting by manifest.
2473 silly tarball no local data for @babel/helper-validator-option@https://registry.npmjs.org/@babel/helper-validator-option/-/helper-validator-option-7.27.1.tgz. Extracting by manifest.
2474 silly tarball no local data for @babel/helper-module-imports@https://registry.npmjs.org/@babel/helper-module-imports/-/helper-module-imports-7.27.1.tgz. Extracting by manifest.
2475 silly tarball no local data for @babel/compat-data@https://registry.npmjs.org/@babel/compat-data/-/compat-data-7.28.5.tgz. Extracting by manifest.
2476 silly tarball no local data for @jridgewell/gen-mapping@https://registry.npmjs.org/@jridgewell/gen-mapping/-/gen-mapping-0.3.13.tgz. Extracting by manifest.
2477 silly tarball no local data for jsesc@https://registry.npmjs.org/jsesc/-/jsesc-3.1.0.tgz. Extracting by manifest.
2478 silly tarball no local data for @jridgewell/trace-mapping@https://registry.npmjs.org/@jridgewell/trace-mapping/-/trace-mapping-0.3.31.tgz. Extracting by manifest.
2479 silly tarball no local data for picocolors@https://registry.npmjs.org/picocolors/-/picocolors-1.1.1.tgz. Extracting by manifest.
2480 silly tarball no local data for js-tokens@https://registry.npmjs.org/js-tokens/-/js-tokens-4.0.0.tgz. Extracting by manifest.
2481 silly tarball no local data for @babel/helper-validator-identifier@https://registry.npmjs.org/@babel/helper-validator-identifier/-/helper-validator-identifier-7.28.5.tgz. Extracting by manifest.
2482 silly tarball no local data for json5@https://registry.npmjs.org/json5/-/json5-2.2.3.tgz. Extracting by manifest.
2483 silly tarball no local data for semver@https://registry.npmjs.org/semver/-/semver-6.3.1.tgz. Extracting by manifest.
2484 silly tarball no local data for gensync@https://registry.npmjs.org/gensync/-/gensync-1.0.0-beta.2.tgz. Extracting by manifest.
2485 silly tarball no local data for debug@https://registry.npmjs.org/debug/-/debug-4.4.3.tgz. Extracting by manifest.
2486 silly tarball no local data for @jridgewell/remapping@https://registry.npmjs.org/@jridgewell/remapping/-/remapping-2.3.5.tgz. Extracting by manifest.
2487 silly tarball no local data for convert-source-map@https://registry.npmjs.org/convert-source-map/-/convert-source-map-2.0.0.tgz. Extracting by manifest.
2488 silly tarball no local data for @babel/types@https://registry.npmjs.org/@babel/types/-/types-7.28.5.tgz. Extracting by manifest.
2489 silly tarball no local data for @babel/template@https://registry.npmjs.org/@babel/template/-/template-7.27.2.tgz. Extracting by manifest.
2490 silly tarball no local data for @babel/parser@https://registry.npmjs.org/@babel/parser/-/parser-7.28.5.tgz. Extracting by manifest.
2491 silly tarball no local data for @babel/helpers@https://registry.npmjs.org/@babel/helpers/-/helpers-7.28.4.tgz. Extracting by manifest.
2492 silly tarball no local data for @babel/helper-module-transforms@https://registry.npmjs.org/@babel/helper-module-transforms/-/helper-module-transforms-7.28.3.tgz. Extracting by manifest.
2493 silly tarball no local data for @babel/traverse@https://registry.npmjs.org/@babel/traverse/-/traverse-7.28.5.tgz. Extracting by manifest.
2494 silly tarball no local data for @babel/code-frame@https://registry.npmjs.org/@babel/code-frame/-/code-frame-7.27.1.tgz. Extracting by manifest.
2495 silly tarball no local data for @babel/helper-compilation-targets@https://registry.npmjs.org/@babel/helper-compilation-targets/-/helper-compilation-targets-7.27.2.tgz. Extracting by manifest.
2496 silly tarball no local data for @babel/generator@https://registry.npmjs.org/@babel/generator/-/generator-7.28.5.tgz. Extracting by manifest.
2497 silly tarball no local data for @rolldown/pluginutils@https://registry.npmjs.org/@rolldown/pluginutils/-/pluginutils-1.0.0-beta.27.tgz. Extracting by manifest.
2498 silly tarball no local data for @babel/plugin-transform-react-jsx-source@https://registry.npmjs.org/@babel/plugin-transform-react-jsx-source/-/plugin-transform-react-jsx-source-7.27.1.tgz. Extracting by manifest.
2499 silly tarball no local data for @babel/plugin-transform-react-jsx-self@https://registry.npmjs.org/@babel/plugin-transform-react-jsx-self/-/plugin-transform-react-jsx-self-7.27.1.tgz. Extracting by manifest.
2500 silly tarball no local data for react-refresh@https://registry.npmjs.org/react-refresh/-/react-refresh-0.17.0.tgz. Extracting by manifest.
2501 silly tarball no local data for @types/babel__core@https://registry.npmjs.org/@types/babel__core/-/babel__core-7.20.5.tgz. Extracting by manifest.
2502 silly tarball no local data for csstype@https://registry.npmjs.org/csstype/-/csstype-3.2.3.tgz. Extracting by manifest.
2503 silly tarball no local data for @types/prop-types@https://registry.npmjs.org/@types/prop-types/-/prop-types-15.7.15.tgz. Extracting by manifest.
2504 silly tarball no local data for @babel/core@https://registry.npmjs.org/@babel/core/-/core-7.28.5.tgz. Extracting by manifest.
2505 silly tarball no local data for react-dom@https://registry.npmjs.org/react-dom/-/react-dom-18.3.1.tgz. Extracting by manifest.
2506 silly tarball no local data for lucide-react@https://registry.npmjs.org/lucide-react/-/lucide-react-0.292.0.tgz. Extracting by manifest.
2507 silly tarball no local data for react@https://registry.npmjs.org/react/-/react-18.3.1.tgz. Extracting by manifest.
2508 silly tarball no local data for framer-motion@https://registry.npmjs.org/framer-motion/-/framer-motion-10.18.0.tgz. Extracting by manifest.
2509 silly tarball no local data for eslint-plugin-react-hooks@https://registry.npmjs.org/eslint-plugin-react-hooks/-/eslint-plugin-react-hooks-4.6.2.tgz. Extracting by manifest.
2510 silly tarball no local data for eslint-plugin-react-refresh@https://registry.npmjs.org/eslint-plugin-react-refresh/-/eslint-plugin-react-refresh-0.4.24.tgz. Extracting by manifest.
2511 silly tarball no local data for eslint-plugin-react@https://registry.npmjs.org/eslint-plugin-react/-/eslint-plugin-react-7.37.5.tgz. Extracting by manifest.
2512 silly tarball no local data for vite@https://registry.npmjs.org/vite/-/vite-5.4.21.tgz. Extracting by manifest.
2513 silly tarball no local data for eslint@https://registry.npmjs.org/eslint/-/eslint-8.57.1.tgz. Extracting by manifest.
2514 silly tarball no local data for @vitejs/plugin-react@https://registry.npmjs.org/@vitejs/plugin-react/-/plugin-react-4.7.0.tgz. Extracting by manifest.
2515 silly tarball no local data for @types/react@https://registry.npmjs.org/@types/react/-/react-18.3.27.tgz. Extracting by manifest.
2516 silly tarball no local data for doctrine@https://registry.npmjs.org/doctrine/-/doctrine-2.1.0.tgz. Extracting by manifest.
2517 silly tarball no local data for @types/react-dom@https://registry.npmjs.org/@types/react-dom/-/react-dom-18.3.7.tgz. Extracting by manifest.
2518 http fetch GET 200 https://registry.npmjs.org/is-number-object/-/is-number-object-1.1.1.tgz 73ms (cache miss)
2519 http fetch GET 200 https://registry.npmjs.org/generator-function/-/generator-function-2.0.1.tgz 74ms (cache miss)
2520 http fetch GET 200 https://registry.npmjs.org/async-function/-/async-function-1.0.0.tgz 75ms (cache miss)
2521 http fetch GET 200 https://registry.npmjs.org/is-async-function/-/is-async-function-2.1.1.tgz 78ms (cache miss)
2522 http fetch GET 200 https://registry.npmjs.org/is-weakmap/-/is-weakmap-2.0.2.tgz 79ms (cache miss)
2523 http fetch GET 200 https://registry.npmjs.org/is-bigint/-/is-bigint-1.1.0.tgz 78ms (cache miss)
2524 http fetch GET 200 https://registry.npmjs.org/is-weakset/-/is-weakset-2.0.4.tgz 81ms (cache miss)
2525 http fetch GET 200 https://registry.npmjs.org/is-generator-function/-/is-generator-function-1.1.2.tgz 83ms (cache miss)
2526 http fetch GET 200 https://registry.npmjs.org/is-map/-/is-map-2.0.3.tgz 84ms (cache miss)
2527 http fetch GET 200 https://registry.npmjs.org/is-finalizationregistry/-/is-finalizationregistry-1.1.1.tgz 84ms (cache miss)
2528 http fetch GET 200 https://registry.npmjs.org/is-boolean-object/-/is-boolean-object-1.2.2.tgz 86ms (cache miss)
2529 http fetch GET 200 https://registry.npmjs.org/which-collection/-/which-collection-1.0.2.tgz 95ms (cache miss)
2530 http fetch GET 200 https://registry.npmjs.org/source-map-js/-/source-map-js-1.2.1.tgz 119ms (cache miss)
2531 http fetch GET 200 https://registry.npmjs.org/fsevents/-/fsevents-2.3.3.tgz 129ms (cache miss)
2532 http fetch GET 200 https://registry.npmjs.org/postcss/-/postcss-8.5.6.tgz 134ms (cache miss)
2533 http fetch GET 200 https://registry.npmjs.org/esbuild/-/esbuild-0.21.5.tgz 146ms (cache miss)
2534 http fetch GET 200 https://registry.npmjs.org/nanoid/-/nanoid-3.3.11.tgz 195ms (cache miss)
2535 http fetch GET 200 https://registry.npmjs.org/rollup/-/rollup-4.53.3.tgz 203ms (cache miss)
2536 http fetch GET 200 https://registry.npmjs.org/has-bigints/-/has-bigints-1.1.0.tgz 216ms (cache miss)
2537 http fetch GET 200 https://registry.npmjs.org/escalade/-/escalade-3.2.0.tgz 228ms (cache miss)
2538 http fetch GET 200 https://registry.npmjs.org/which-boxed-primitive/-/which-boxed-primitive-1.1.1.tgz 236ms (cache miss)
2539 http fetch GET 200 https://registry.npmjs.org/punycode/-/punycode-2.3.1.tgz 241ms (cache miss)
2540 http fetch GET 200 https://registry.npmjs.org/isexe/-/isexe-2.0.0.tgz 309ms (cache miss)
2541 http fetch GET 200 https://registry.npmjs.org/@rollup/rollup-darwin-arm64/-/rollup-darwin-arm64-4.53.3.tgz 338ms (cache miss)
2542 http fetch GET 200 https://registry.npmjs.org/ansi-regex/-/ansi-regex-5.0.1.tgz 342ms (cache miss)
2543 http fetch GET 200 https://registry.npmjs.org/which-builtin-type/-/which-builtin-type-1.2.1.tgz 342ms (cache miss)
2544 http fetch GET 200 https://registry.npmjs.org/has-flag/-/has-flag-4.0.0.tgz 343ms (cache miss)
2545 http fetch GET 200 https://registry.npmjs.org/@types/estree/-/estree-1.0.8.tgz 344ms (cache miss)
2546 http fetch GET 200 https://registry.npmjs.org/reflect.getprototypeof/-/reflect.getprototypeof-1.0.10.tgz 345ms (cache miss)
2547 http fetch POST 200 https://registry.npmjs.org/-/npm/v1/security/advisories/bulk 405ms
2548 silly audit report {
2548 silly audit report   esbuild: [
2548 silly audit report     {
2548 silly audit report       id: 1102341,
2548 silly audit report       url: 'https://github.com/advisories/GHSA-67mh-4wv8-2f99',
2548 silly audit report       title: 'esbuild enables any website to send any requests to the development server and read the response',
2548 silly audit report       severity: 'moderate',
2548 silly audit report       vulnerable_versions: '<=0.24.2',
2548 silly audit report       cwe: [Array],
2548 silly audit report       cvss: [Object]
2548 silly audit report     }
2548 silly audit report   ]
2548 silly audit report }
2549 silly packumentCache corgi:https://registry.npmjs.org/esbuild cache-miss
2550 http fetch GET 200 https://registry.npmjs.org/for-each/-/for-each-0.3.5.tgz 382ms (cache miss)
2551 http fetch GET 200 https://registry.npmjs.org/side-channel-map/-/side-channel-map-1.0.1.tgz 388ms (cache miss)
2552 http fetch GET 200 https://registry.npmjs.org/side-channel-weakmap/-/side-channel-weakmap-1.0.2.tgz 389ms (cache miss)
2553 http fetch GET 200 https://registry.npmjs.org/isarray/-/isarray-2.0.5.tgz 405ms (cache miss)
2554 http fetch GET 200 https://registry.npmjs.org/shebang-regex/-/shebang-regex-3.0.0.tgz 405ms (cache miss)
2555 http fetch GET 200 https://registry.npmjs.org/side-channel-list/-/side-channel-list-1.0.0.tgz 407ms (cache miss)
2556 http fetch GET 200 https://registry.npmjs.org/wrappy/-/wrappy-1.0.2.tgz 436ms (cache miss)
2557 http fetch GET 200 https://registry.npmjs.org/inherits/-/inherits-2.0.4.tgz 450ms (cache miss)
2558 http fetch GET 200 https://registry.npmjs.org/queue-microtask/-/queue-microtask-1.2.3.tgz 455ms (cache miss)
2559 http fetch GET 200 https://registry.npmjs.org/inflight/-/inflight-1.0.6.tgz 454ms (cache miss)
2560 warn deprecated inflight@1.0.6: This module is not supported, and leaks memory. Do not use it. Check out lru-cache if you want a good and tested way to coalesce async requests by a key value, which is much more comprehensive and powerful.
2561 http fetch GET 200 https://registry.npmjs.org/fs.realpath/-/fs.realpath-1.0.0.tgz 467ms (cache miss)
2562 http fetch GET 200 https://registry.npmjs.org/once/-/once-1.4.0.tgz 467ms (cache miss)
2563 http fetch GET 200 https://registry.npmjs.org/glob/-/glob-7.2.3.tgz 466ms (cache miss)
2564 warn deprecated glob@7.2.3: Glob versions prior to v9 are no longer supported
2565 http fetch GET 200 https://registry.npmjs.org/path-is-absolute/-/path-is-absolute-1.0.1.tgz 489ms (cache miss)
2566 http fetch GET 200 https://registry.npmjs.org/supports-preserve-symlinks-flag/-/supports-preserve-symlinks-flag-1.0.0.tgz 489ms (cache miss)
2567 http fetch GET 200 https://registry.npmjs.org/scheduler/-/scheduler-0.23.2.tgz 502ms (cache miss)
2568 http fetch GET 200 https://registry.npmjs.org/is-core-module/-/is-core-module-2.16.1.tgz 506ms (cache miss)
2569 http fetch GET 200 https://registry.npmjs.org/react-is/-/react-is-16.13.1.tgz 528ms (cache miss)
2570 http fetch GET 200 https://registry.npmjs.org/object-assign/-/object-assign-4.1.1.tgz 531ms (cache miss)
2571 http fetch GET 200 https://registry.npmjs.org/yocto-queue/-/yocto-queue-0.1.0.tgz 531ms (cache miss)
2572 http fetch GET 200 https://registry.npmjs.org/callsites/-/callsites-3.1.0.tgz 563ms (cache miss)
2573 http fetch GET 200 https://registry.npmjs.org/fast-levenshtein/-/fast-levenshtein-2.0.6.tgz 562ms (cache miss)
2574 http fetch GET 200 https://registry.npmjs.org/loose-envify/-/loose-envify-1.4.0.tgz 570ms (cache miss)
2575 http fetch GET 200 https://registry.npmjs.org/p-limit/-/p-limit-3.1.0.tgz 572ms (cache miss)
2576 http fetch GET 200 https://registry.npmjs.org/deep-is/-/deep-is-0.1.4.tgz 573ms (cache miss)
2577 http fetch GET 200 https://registry.npmjs.org/path-parse/-/path-parse-1.0.7.tgz 577ms (cache miss)
2578 http fetch GET 200 https://registry.npmjs.org/word-wrap/-/word-wrap-1.2.5.tgz 580ms (cache miss)
2579 http fetch GET 200 https://registry.npmjs.org/balanced-match/-/balanced-match-1.0.2.tgz 595ms (cache miss)
2580 http fetch GET 200 https://registry.npmjs.org/brace-expansion/-/brace-expansion-1.1.12.tgz 600ms (cache miss)
2581 http fetch GET 200 https://registry.npmjs.org/concat-map/-/concat-map-0.0.1.tgz 614ms (cache miss)
2582 http fetch GET 200 https://registry.npmjs.org/@esbuild/darwin-arm64/-/darwin-arm64-0.21.5.tgz 618ms (cache miss)
2583 http fetch GET 200 https://registry.npmjs.org/yallist/-/yallist-3.1.1.tgz 620ms (cache miss)
2584 http fetch GET 200 https://registry.npmjs.org/prelude-ls/-/prelude-ls-1.2.1.tgz 622ms (cache miss)
2585 http fetch GET 200 https://registry.npmjs.org/json-buffer/-/json-buffer-3.0.1.tgz 621ms (cache miss)
2586 http fetch GET 200 https://registry.npmjs.org/type-check/-/type-check-0.4.0.tgz 621ms (cache miss)
2587 http fetch GET 200 https://registry.npmjs.org/array.prototype.flat/-/array.prototype.flat-1.3.3.tgz 623ms (cache miss)
2588 http fetch GET 200 https://registry.npmjs.org/side-channel/-/side-channel-1.1.0.tgz 623ms (cache miss)
2589 http fetch GET 200 https://registry.npmjs.org/is-extglob/-/is-extglob-2.1.1.tgz 623ms (cache miss)
2590 http fetch GET 200 https://registry.npmjs.org/set-function-name/-/set-function-name-2.0.2.tgz 623ms (cache miss)
2591 http fetch GET 200 https://registry.npmjs.org/p-locate/-/p-locate-5.0.0.tgz 624ms (cache miss)
2592 http fetch GET 200 https://registry.npmjs.org/argparse/-/argparse-2.0.1.tgz 631ms (cache miss)
2593 http fetch GET 200 https://registry.npmjs.org/parent-module/-/parent-module-1.0.1.tgz 634ms (cache miss)
2594 http fetch GET 200 https://registry.npmjs.org/dunder-proto/-/dunder-proto-1.0.1.tgz 637ms (cache miss)
2595 http fetch GET 200 https://registry.npmjs.org/functions-have-names/-/functions-have-names-1.2.3.tgz 649ms (cache miss)
2596 http fetch GET 200 https://registry.npmjs.org/resolve-from/-/resolve-from-4.0.0.tgz 658ms (cache miss)
2597 http fetch GET 200 https://registry.npmjs.org/tslib/-/tslib-2.8.1.tgz 657ms (cache miss)
2598 http fetch GET 200 https://registry.npmjs.org/locate-path/-/locate-path-6.0.0.tgz 660ms (cache miss)
2599 http fetch GET 200 https://registry.npmjs.org/path-exists/-/path-exists-4.0.0.tgz 660ms (cache miss)
2600 http fetch GET 200 https://registry.npmjs.org/keyv/-/keyv-4.5.4.tgz 663ms (cache miss)
2601 http fetch GET 200 https://registry.npmjs.org/reusify/-/reusify-1.1.0.tgz 664ms (cache miss)
2602 http fetch GET 200 https://registry.npmjs.org/rimraf/-/rimraf-3.0.2.tgz 669ms (cache miss)
2603 warn deprecated rimraf@3.0.2: Rimraf versions prior to v4 are no longer supported
2604 http fetch GET 200 https://registry.npmjs.org/flatted/-/flatted-3.3.3.tgz 673ms (cache miss)
2605 http fetch GET 200 https://registry.npmjs.org/@emotion/memoize/-/memoize-0.7.4.tgz 675ms (cache miss)
2606 http fetch GET 200 https://registry.npmjs.org/type-fest/-/type-fest-0.20.2.tgz 677ms (cache miss)
2607 http fetch GET 200 https://registry.npmjs.org/acorn/-/acorn-8.15.0.tgz 688ms (cache miss)
2608 http fetch GET 200 https://registry.npmjs.org/acorn-jsx/-/acorn-jsx-5.3.2.tgz 689ms (cache miss)
2609 http fetch GET 200 https://registry.npmjs.org/flat-cache/-/flat-cache-3.2.0.tgz 696ms (cache miss)
2610 http fetch GET 200 https://registry.npmjs.org/esrecurse/-/esrecurse-4.3.0.tgz 698ms (cache miss)
2611 http fetch GET 200 https://registry.npmjs.org/has-tostringtag/-/has-tostringtag-1.0.2.tgz 700ms (cache miss)
2612 http fetch GET 200 https://registry.npmjs.org/possible-typed-array-names/-/possible-typed-array-names-1.1.0.tgz 700ms (cache miss)
2613 http fetch GET 200 https://registry.npmjs.org/is-date-object/-/is-date-object-1.1.0.tgz 701ms (cache miss)
2614 http fetch GET 200 https://registry.npmjs.org/iterator.prototype/-/iterator.prototype-1.1.5.tgz 710ms (cache miss)
2615 http fetch GET 200 https://registry.npmjs.org/unbox-primitive/-/unbox-primitive-1.1.0.tgz 713ms (cache miss)
2616 http fetch GET 200 https://registry.npmjs.org/typed-array-buffer/-/typed-array-buffer-1.0.3.tgz 715ms (cache miss)
2617 http fetch GET 200 https://registry.npmjs.org/typed-array-byte-offset/-/typed-array-byte-offset-1.0.4.tgz 719ms (cache miss)
2618 http fetch GET 200 https://registry.npmjs.org/typed-array-length/-/typed-array-length-1.0.7.tgz 724ms (cache miss)
2619 http fetch GET 200 https://registry.npmjs.org/string.prototype.trimend/-/string.prototype.trimend-1.0.9.tgz 733ms (cache miss)
2620 http fetch GET 200 https://registry.npmjs.org/is-symbol/-/is-symbol-1.1.1.tgz 734ms (cache miss)
2621 http fetch GET 200 https://registry.npmjs.org/which-typed-array/-/which-typed-array-1.1.19.tgz 734ms (cache miss)
2622 http fetch GET 200 https://registry.npmjs.org/string.prototype.trimstart/-/string.prototype.trimstart-1.0.8.tgz 734ms (cache miss)
2623 http fetch GET 200 https://registry.npmjs.org/@emotion/is-prop-valid/-/is-prop-valid-0.8.8.tgz 737ms (cache miss)
2624 http fetch GET 200 https://registry.npmjs.org/stop-iteration-iterator/-/stop-iteration-iterator-1.1.0.tgz 737ms (cache miss)
2625 http fetch GET 200 https://registry.npmjs.org/typed-array-byte-length/-/typed-array-byte-length-1.0.3.tgz 740ms (cache miss)
2626 http fetch GET 200 https://registry.npmjs.org/safe-push-apply/-/safe-push-apply-1.0.0.tgz 745ms (cache miss)
2627 http fetch GET 200 https://registry.npmjs.org/set-proto/-/set-proto-1.0.0.tgz 748ms (cache miss)
2628 http fetch GET 200 https://registry.npmjs.org/safe-regex-test/-/safe-regex-test-1.1.0.tgz 748ms (cache miss)
2629 http fetch GET 200 https://registry.npmjs.org/safe-array-concat/-/safe-array-concat-1.1.3.tgz 754ms (cache miss)
2630 http fetch GET 200 https://registry.npmjs.org/regexp.prototype.flags/-/regexp.prototype.flags-1.5.4.tgz 756ms (cache miss)
2631 http fetch GET 200 https://registry.npmjs.org/own-keys/-/own-keys-1.0.1.tgz 763ms (cache miss)
2632 http fetch GET 200 https://registry.npmjs.org/is-set/-/is-set-2.0.3.tgz 769ms (cache miss)
2633 http fetch GET 200 https://registry.npmjs.org/is-weakref/-/is-weakref-1.1.1.tgz 775ms (cache miss)
2634 http fetch GET 200 https://registry.npmjs.org/object-inspect/-/object-inspect-1.13.4.tgz 777ms (cache miss)
2635 http fetch GET 200 https://registry.npmjs.org/object.assign/-/object.assign-4.1.7.tgz 777ms (cache miss)
2636 http fetch GET 200 https://registry.npmjs.org/is-regex/-/is-regex-1.2.1.tgz 779ms (cache miss)
2637 http fetch GET 200 https://registry.npmjs.org/string.prototype.trim/-/string.prototype.trim-1.2.10.tgz 779ms (cache miss)
2638 http fetch GET 200 https://registry.npmjs.org/is-typed-array/-/is-typed-array-1.1.15.tgz 782ms (cache miss)
2639 http fetch GET 200 https://registry.npmjs.org/is-callable/-/is-callable-1.2.7.tgz 786ms (cache miss)
2640 http fetch GET 200 https://registry.npmjs.org/is-data-view/-/is-data-view-1.0.2.tgz 789ms (cache miss)
2641 http fetch GET 200 https://registry.npmjs.org/is-shared-array-buffer/-/is-shared-array-buffer-1.0.4.tgz 796ms (cache miss)
2642 http fetch GET 200 https://registry.npmjs.org/internal-slot/-/internal-slot-1.1.0.tgz 796ms (cache miss)
2643 http fetch GET 200 https://registry.npmjs.org/is-array-buffer/-/is-array-buffer-3.0.5.tgz 797ms (cache miss)
2644 http fetch GET 200 https://registry.npmjs.org/has-symbols/-/has-symbols-1.1.0.tgz 803ms (cache miss)
2645 http fetch GET 200 https://registry.npmjs.org/globalthis/-/globalthis-1.0.4.tgz 807ms (cache miss)
2646 http fetch GET 200 https://registry.npmjs.org/has-proto/-/has-proto-1.2.0.tgz 810ms (cache miss)
2647 http fetch GET 200 https://registry.npmjs.org/es-set-tostringtag/-/es-set-tostringtag-2.1.0.tgz 816ms (cache miss)
2648 http fetch GET 200 https://registry.npmjs.org/is-negative-zero/-/is-negative-zero-2.0.3.tgz 823ms (cache miss)
2649 http fetch GET 200 https://registry.npmjs.org/function.prototype.name/-/function.prototype.name-1.1.8.tgz 822ms (cache miss)
2650 http fetch GET 200 https://registry.npmjs.org/data-view-byte-offset/-/data-view-byte-offset-1.0.1.tgz 822ms (cache miss)
2651 http fetch GET 200 https://registry.npmjs.org/get-symbol-description/-/get-symbol-description-1.1.0.tgz 831ms (cache miss)
2652 http fetch GET 200 https://registry.npmjs.org/data-view-byte-length/-/data-view-byte-length-1.0.2.tgz 832ms (cache miss)
2653 http fetch GET 200 https://registry.npmjs.org/get-proto/-/get-proto-1.0.1.tgz 832ms (cache miss)
2654 http fetch GET 200 https://registry.npmjs.org/es-to-primitive/-/es-to-primitive-1.3.0.tgz 833ms (cache miss)
2655 http fetch GET 200 https://registry.npmjs.org/data-view-buffer/-/data-view-buffer-1.0.2.tgz 833ms (cache miss)
2656 http fetch GET 200 https://registry.npmjs.org/array-buffer-byte-length/-/array-buffer-byte-length-1.0.2.tgz 841ms (cache miss)
2657 http fetch GET 200 https://registry.npmjs.org/available-typed-arrays/-/available-typed-arrays-1.0.7.tgz 845ms (cache miss)
2658 http fetch GET 200 https://registry.npmjs.org/object-keys/-/object-keys-1.1.1.tgz 847ms (cache miss)
2659 http fetch GET 200 https://registry.npmjs.org/has-property-descriptors/-/has-property-descriptors-1.0.2.tgz 847ms (cache miss)
2660 http fetch GET 200 https://registry.npmjs.org/arraybuffer.prototype.slice/-/arraybuffer.prototype.slice-1.0.4.tgz 851ms (cache miss)
2661 http fetch GET 200 https://registry.npmjs.org/function-bind/-/function-bind-1.1.2.tgz 856ms (cache miss)
2662 http fetch GET 200 https://registry.npmjs.org/call-bind-apply-helpers/-/call-bind-apply-helpers-1.0.2.tgz 861ms (cache miss)
2663 http fetch GET 200 https://registry.npmjs.org/define-data-property/-/define-data-property-1.1.4.tgz 863ms (cache miss)
2664 http fetch GET 200 https://registry.npmjs.org/gopd/-/gopd-1.2.0.tgz 872ms (cache miss)
2665 http fetch GET 200 https://registry.npmjs.org/set-function-length/-/set-function-length-1.2.2.tgz 874ms (cache miss)
2666 http fetch GET 200 https://registry.npmjs.org/math-intrinsics/-/math-intrinsics-1.1.0.tgz 877ms (cache miss)
2667 http fetch GET 200 https://registry.npmjs.org/get-intrinsic/-/get-intrinsic-1.3.0.tgz 877ms (cache miss)
2668 http fetch GET 200 https://registry.npmjs.org/es-shim-unscopables/-/es-shim-unscopables-1.1.0.tgz 877ms (cache miss)
2669 http fetch GET 200 https://registry.npmjs.org/es-errors/-/es-errors-1.3.0.tgz 877ms (cache miss)
2670 http fetch GET 200 https://registry.npmjs.org/is-string/-/is-string-1.1.1.tgz 880ms (cache miss)
2671 http fetch GET 200 https://registry.npmjs.org/es-define-property/-/es-define-property-1.0.1.tgz 883ms (cache miss)
2672 http fetch GET 200 https://registry.npmjs.org/define-properties/-/define-properties-1.2.1.tgz 884ms (cache miss)
2673 http fetch GET 200 https://registry.npmjs.org/call-bind/-/call-bind-1.0.8.tgz 888ms (cache miss)
2674 http fetch GET 200 https://registry.npmjs.org/es-object-atoms/-/es-object-atoms-1.1.1.tgz 891ms (cache miss)
2675 http fetch GET 200 https://registry.npmjs.org/call-bound/-/call-bound-1.0.4.tgz 916ms (cache miss)
2676 http fetch GET 200 https://registry.npmjs.org/string.prototype.matchall/-/string.prototype.matchall-4.0.12.tgz 920ms (cache miss)
2677 http fetch GET 200 https://registry.npmjs.org/prop-types/-/prop-types-15.8.1.tgz 924ms (cache miss)
2678 http fetch GET 200 https://registry.npmjs.org/object.entries/-/object.entries-1.1.9.tgz 924ms (cache miss)
2679 http fetch GET 200 https://registry.npmjs.org/string.prototype.repeat/-/string.prototype.repeat-1.0.0.tgz 926ms (cache miss)
2680 http fetch GET 200 https://registry.npmjs.org/object.values/-/object.values-1.2.1.tgz 928ms (cache miss)
2681 http fetch GET 200 https://registry.npmjs.org/estraverse/-/estraverse-5.3.0.tgz 931ms (cache miss)
2682 http fetch GET 200 https://registry.npmjs.org/array.prototype.flatmap/-/array.prototype.flatmap-1.3.3.tgz 932ms (cache miss)
2683 http fetch GET 200 https://registry.npmjs.org/hasown/-/hasown-2.0.2.tgz 936ms (cache miss)
2684 http fetch GET 200 https://registry.npmjs.org/object.fromentries/-/object.fromentries-2.0.8.tgz 938ms (cache miss)
2685 http fetch GET 200 https://registry.npmjs.org/array.prototype.findlast/-/array.prototype.findlast-1.2.5.tgz 943ms (cache miss)
2686 http fetch GET 200 https://registry.npmjs.org/es-iterator-helpers/-/es-iterator-helpers-1.2.1.tgz 957ms (cache miss)
2687 http fetch GET 200 https://registry.npmjs.org/path-key/-/path-key-3.1.1.tgz 965ms (cache miss)
2688 http fetch GET 200 https://registry.npmjs.org/resolve/-/resolve-2.0.0-next.5.tgz 966ms (cache miss)
2689 http fetch GET 200 https://registry.npmjs.org/array.prototype.tosorted/-/array.prototype.tosorted-1.1.4.tgz 966ms (cache miss)
2690 http fetch GET 200 https://registry.npmjs.org/which/-/which-2.0.2.tgz 967ms (cache miss)
2691 http fetch GET 200 https://registry.npmjs.org/array-includes/-/array-includes-3.1.9.tgz 968ms (cache miss)
2692 http fetch GET 200 https://registry.npmjs.org/shebang-command/-/shebang-command-2.0.0.tgz 968ms (cache miss)
2693 http fetch GET 200 https://registry.npmjs.org/color-name/-/color-name-1.1.4.tgz 967ms (cache miss)
2694 http fetch GET 200 https://registry.npmjs.org/json-schema-traverse/-/json-schema-traverse-0.4.1.tgz 968ms (cache miss)
2695 http fetch GET 200 https://registry.npmjs.org/supports-color/-/supports-color-7.2.0.tgz 969ms (cache miss)
2696 http fetch GET 200 https://registry.npmjs.org/jsx-ast-utils/-/jsx-ast-utils-3.3.5.tgz 971ms (cache miss)
2697 http fetch GET 200 https://registry.npmjs.org/color-convert/-/color-convert-2.0.1.tgz 973ms (cache miss)
2698 http fetch GET 200 https://registry.npmjs.org/run-parallel/-/run-parallel-1.2.0.tgz 974ms (cache miss)
2699 http fetch GET 200 https://registry.npmjs.org/ansi-styles/-/ansi-styles-4.3.0.tgz 976ms (cache miss)
2700 http fetch GET 200 https://registry.npmjs.org/fast-json-stable-stringify/-/fast-json-stable-stringify-2.1.0.tgz 988ms (cache miss)
2701 http fetch GET 200 https://registry.npmjs.org/fastq/-/fastq-1.19.1.tgz 994ms (cache miss)
2702 http fetch GET 200 https://registry.npmjs.org/@nodelib/fs.stat/-/fs.stat-2.0.5.tgz 998ms (cache miss)
2703 http fetch GET 200 https://registry.npmjs.org/natural-compare/-/natural-compare-1.4.0.tgz 1002ms (cache miss)
2704 http fetch GET 200 https://registry.npmjs.org/strip-ansi/-/strip-ansi-6.0.1.tgz 1015ms (cache miss)
2705 http fetch GET 200 https://registry.npmjs.org/uri-js/-/uri-js-4.4.1.tgz 1017ms (cache miss)
2706 http fetch GET 200 https://registry.npmjs.org/import-fresh/-/import-fresh-3.3.1.tgz 1019ms (cache miss)
2707 http fetch GET 200 https://registry.npmjs.org/strip-json-comments/-/strip-json-comments-3.1.1.tgz 1026ms (cache miss)
2708 http fetch GET 200 https://registry.npmjs.org/@humanwhocodes/object-schema/-/object-schema-2.0.3.tgz 1027ms (cache miss)
2709 warn deprecated @humanwhocodes/object-schema@2.0.3: Use @eslint/object-schema instead
2710 http fetch GET 200 https://registry.npmjs.org/lodash.merge/-/lodash.merge-4.6.2.tgz 1027ms (cache miss)
2711 http fetch GET 200 https://registry.npmjs.org/optionator/-/optionator-0.9.4.tgz 1027ms (cache miss)
2712 http fetch GET 200 https://registry.npmjs.org/@nodelib/fs.scandir/-/fs.scandir-2.1.5.tgz 1028ms (cache miss)
2713 http fetch GET 200 https://registry.npmjs.org/text-table/-/text-table-0.2.0.tgz 1027ms (cache miss)
2714 http fetch GET 200 https://registry.npmjs.org/levn/-/levn-0.4.1.tgz 1027ms (cache miss)
2715 http fetch GET 200 https://registry.npmjs.org/minimatch/-/minimatch-3.1.2.tgz 1027ms (cache miss)
2716 http fetch GET 200 https://registry.npmjs.org/is-path-inside/-/is-path-inside-3.0.3.tgz 1043ms (cache miss)
2717 http fetch GET 200 https://registry.npmjs.org/json-stable-stringify-without-jsonify/-/json-stable-stringify-without-jsonify-1.0.1.tgz 1045ms (cache miss)
2718 http fetch GET 200 https://registry.npmjs.org/js-yaml/-/js-yaml-4.1.1.tgz 1046ms (cache miss)
2719 http fetch GET 200 https://registry.npmjs.org/imurmurhash/-/imurmurhash-0.1.4.tgz 1048ms (cache miss)
2720 http fetch GET 200 https://registry.npmjs.org/is-glob/-/is-glob-4.0.3.tgz 1055ms (cache miss)
2721 http fetch GET 200 https://registry.npmjs.org/find-up/-/find-up-5.0.0.tgz 1060ms (cache miss)
2722 http fetch GET 200 https://registry.npmjs.org/graphemer/-/graphemer-1.4.0.tgz 1060ms (cache miss)
2723 http fetch GET 200 https://registry.npmjs.org/file-entry-cache/-/file-entry-cache-6.0.1.tgz 1064ms (cache miss)
2724 http fetch GET 200 https://registry.npmjs.org/glob-parent/-/glob-parent-6.0.2.tgz 1064ms (cache miss)
2725 http fetch GET 200 https://registry.npmjs.org/esutils/-/esutils-2.0.3.tgz 1067ms (cache miss)
2726 http fetch GET 200 https://registry.npmjs.org/espree/-/espree-9.6.1.tgz 1066ms (cache miss)
2727 http fetch GET 200 https://registry.npmjs.org/globals/-/globals-13.24.0.tgz 1069ms (cache miss)
2728 http fetch GET 200 https://registry.npmjs.org/eslint-visitor-keys/-/eslint-visitor-keys-3.4.3.tgz 1082ms (cache miss)
2729 http fetch GET 200 https://registry.npmjs.org/esquery/-/esquery-1.6.0.tgz 1085ms (cache miss)
2730 http fetch GET 200 https://registry.npmjs.org/ignore/-/ignore-5.3.2.tgz 1086ms (cache miss)
2731 http fetch GET 200 https://registry.npmjs.org/fast-deep-equal/-/fast-deep-equal-3.1.3.tgz 1085ms (cache miss)
2732 http fetch GET 200 https://registry.npmjs.org/eslint-scope/-/eslint-scope-7.2.2.tgz 1111ms (cache miss)
2733 http fetch GET 200 https://registry.npmjs.org/escape-string-regexp/-/escape-string-regexp-4.0.0.tgz 1111ms (cache miss)
2734 http fetch GET 200 https://registry.npmjs.org/cross-spawn/-/cross-spawn-7.0.6.tgz 1112ms (cache miss)
2735 http fetch GET 200 https://registry.npmjs.org/doctrine/-/doctrine-3.0.0.tgz 1112ms (cache miss)
2736 http fetch GET 200 https://registry.npmjs.org/chalk/-/chalk-4.1.2.tgz 1123ms (cache miss)
2737 http fetch GET 200 https://registry.npmjs.org/ms/-/ms-2.1.3.tgz 1124ms (cache miss)
2738 http fetch GET 200 https://registry.npmjs.org/update-browserslist-db/-/update-browserslist-db-1.1.4.tgz 1128ms (cache miss)
2739 http fetch GET 200 https://registry.npmjs.org/@humanwhocodes/config-array/-/config-array-0.13.0.tgz 1129ms (cache miss)
2740 warn deprecated @humanwhocodes/config-array@0.13.0: Use @eslint/config-array instead
2741 http fetch GET 200 https://registry.npmjs.org/@ungap/structured-clone/-/structured-clone-1.3.0.tgz 1131ms (cache miss)
2742 http fetch GET 200 https://registry.npmjs.org/@humanwhocodes/module-importer/-/module-importer-1.0.1.tgz 1130ms (cache miss)
2743 http fetch GET 200 https://registry.npmjs.org/@nodelib/fs.walk/-/fs.walk-1.2.8.tgz 1136ms (cache miss)
2744 http fetch GET 200 https://registry.npmjs.org/node-releases/-/node-releases-2.0.27.tgz 1136ms (cache miss)
2745 http fetch GET 200 https://registry.npmjs.org/ajv/-/ajv-6.12.6.tgz 1138ms (cache miss)
2746 http fetch GET 200 https://registry.npmjs.org/@eslint/js/-/js-8.57.1.tgz 1152ms (cache miss)
2747 http fetch GET 200 https://registry.npmjs.org/@eslint-community/eslint-utils/-/eslint-utils-4.9.0.tgz 1152ms (cache miss)
2748 http fetch GET 200 https://registry.npmjs.org/@eslint-community/regexpp/-/regexpp-4.12.2.tgz 1164ms (cache miss)
2749 http fetch GET 200 https://registry.npmjs.org/electron-to-chromium/-/electron-to-chromium-1.5.259.tgz 1184ms (cache miss)
2750 http fetch GET 200 https://registry.npmjs.org/@eslint/eslintrc/-/eslintrc-2.1.4.tgz 1191ms (cache miss)
2751 http fetch GET 200 https://registry.npmjs.org/@types/babel__template/-/babel__template-7.4.4.tgz 1194ms (cache miss)
2752 http fetch GET 200 https://registry.npmjs.org/baseline-browser-mapping/-/baseline-browser-mapping-2.8.31.tgz 1194ms (cache miss)
2753 http fetch GET 200 https://registry.npmjs.org/@types/babel__generator/-/babel__generator-7.27.0.tgz 1199ms (cache miss)
2754 http fetch GET 200 https://registry.npmjs.org/@jridgewell/sourcemap-codec/-/sourcemap-codec-1.5.5.tgz 1205ms (cache miss)
2755 http fetch GET 200 https://registry.npmjs.org/@babel/helper-plugin-utils/-/helper-plugin-utils-7.27.1.tgz 1206ms (cache miss)
2756 http fetch GET 200 https://registry.npmjs.org/@babel/helper-string-parser/-/helper-string-parser-7.27.1.tgz 1206ms (cache miss)
2757 http fetch GET 200 https://registry.npmjs.org/@types/babel__traverse/-/babel__traverse-7.28.0.tgz 1207ms (cache miss)
2758 http fetch GET 200 https://registry.npmjs.org/browserslist/-/browserslist-4.28.0.tgz 1206ms (cache miss)
2759 http fetch GET 200 https://registry.npmjs.org/lru-cache/-/lru-cache-5.1.1.tgz 1210ms (cache miss)
2760 http fetch GET 200 https://registry.npmjs.org/@babel/helper-globals/-/helper-globals-7.28.0.tgz 1215ms (cache miss)
2761 http fetch GET 200 https://registry.npmjs.org/@jridgewell/resolve-uri/-/resolve-uri-3.1.2.tgz 1216ms (cache miss)
2762 http fetch GET 200 https://registry.npmjs.org/@babel/helper-validator-option/-/helper-validator-option-7.27.1.tgz 1228ms (cache miss)
2763 http fetch GET 200 https://registry.npmjs.org/jsesc/-/jsesc-3.1.0.tgz 1252ms (cache miss)
2764 http fetch GET 200 https://registry.npmjs.org/picocolors/-/picocolors-1.1.1.tgz 1252ms (cache miss)
2765 http fetch GET 200 https://registry.npmjs.org/json5/-/json5-2.2.3.tgz 1252ms (cache miss)
2766 http fetch GET 200 https://registry.npmjs.org/gensync/-/gensync-1.0.0-beta.2.tgz 1252ms (cache miss)
2767 http fetch GET 200 https://registry.npmjs.org/js-tokens/-/js-tokens-4.0.0.tgz 1255ms (cache miss)
2768 http fetch GET 200 https://registry.npmjs.org/@babel/compat-data/-/compat-data-7.28.5.tgz 1260ms (cache miss)
2769 http fetch GET 200 https://registry.npmjs.org/@babel/helper-validator-identifier/-/helper-validator-identifier-7.28.5.tgz 1260ms (cache miss)
2770 http fetch GET 200 https://registry.npmjs.org/debug/-/debug-4.4.3.tgz 1263ms (cache miss)
2771 http fetch GET 200 https://registry.npmjs.org/@jridgewell/gen-mapping/-/gen-mapping-0.3.13.tgz 1267ms (cache miss)
2772 http fetch GET 200 https://registry.npmjs.org/semver/-/semver-6.3.1.tgz 1276ms (cache miss)
2773 http fetch GET 200 https://registry.npmjs.org/@jridgewell/trace-mapping/-/trace-mapping-0.3.31.tgz 1282ms (cache miss)
2774 http fetch GET 200 https://registry.npmjs.org/es-abstract/-/es-abstract-1.24.0.tgz 1291ms (cache miss)
2775 http fetch GET 200 https://registry.npmjs.org/@jridgewell/remapping/-/remapping-2.3.5.tgz 1295ms (cache miss)
2776 http fetch GET 200 https://registry.npmjs.org/caniuse-lite/-/caniuse-lite-1.0.30001757.tgz 1329ms (cache miss)
2777 http fetch GET 200 https://registry.npmjs.org/@babel/types/-/types-7.28.5.tgz 1360ms (cache miss)
2778 http fetch GET 200 https://registry.npmjs.org/@babel/helper-module-imports/-/helper-module-imports-7.27.1.tgz 1367ms (cache miss)
2779 http fetch GET 200 https://registry.npmjs.org/@babel/traverse/-/traverse-7.28.5.tgz 1366ms (cache miss)
2780 http fetch GET 200 https://registry.npmjs.org/@babel/template/-/template-7.27.2.tgz 1367ms (cache miss)
2781 http fetch GET 200 https://registry.npmjs.org/@babel/helper-module-transforms/-/helper-module-transforms-7.28.3.tgz 1386ms (cache miss)
2782 http fetch GET 200 https://registry.npmjs.org/convert-source-map/-/convert-source-map-2.0.0.tgz 1398ms (cache miss)
2783 http fetch GET 200 https://registry.npmjs.org/@babel/parser/-/parser-7.28.5.tgz 1400ms (cache miss)
2784 http fetch GET 200 https://registry.npmjs.org/@babel/code-frame/-/code-frame-7.27.1.tgz 1402ms (cache miss)
2785 http fetch GET 200 https://registry.npmjs.org/@babel/plugin-transform-react-jsx-self/-/plugin-transform-react-jsx-self-7.27.1.tgz 1415ms (cache miss)
2786 http fetch GET 200 https://registry.npmjs.org/@rolldown/pluginutils/-/pluginutils-1.0.0-beta.27.tgz 1415ms (cache miss)
2787 http fetch GET 200 https://registry.npmjs.org/@babel/generator/-/generator-7.28.5.tgz 1416ms (cache miss)
2788 http fetch GET 200 https://registry.npmjs.org/@babel/helper-compilation-targets/-/helper-compilation-targets-7.27.2.tgz 1416ms (cache miss)
2789 http fetch GET 200 https://registry.npmjs.org/@babel/plugin-transform-react-jsx-source/-/plugin-transform-react-jsx-source-7.27.1.tgz 1416ms (cache miss)
2790 http fetch GET 200 https://registry.npmjs.org/react-refresh/-/react-refresh-0.17.0.tgz 1416ms (cache miss)
2791 http fetch GET 200 https://registry.npmjs.org/@babel/helpers/-/helpers-7.28.4.tgz 1428ms (cache miss)
2792 http fetch GET 200 https://registry.npmjs.org/@types/babel__core/-/babel__core-7.20.5.tgz 1430ms (cache miss)
2793 http fetch GET 200 https://registry.npmjs.org/csstype/-/csstype-3.2.3.tgz 1430ms (cache miss)
2794 http fetch GET 200 https://registry.npmjs.org/@babel/core/-/core-7.28.5.tgz 1449ms (cache miss)
2795 http fetch GET 200 https://registry.npmjs.org/eslint-plugin-react-hooks/-/eslint-plugin-react-hooks-4.6.2.tgz 1509ms (cache miss)
2796 http fetch GET 200 https://registry.npmjs.org/@types/prop-types/-/prop-types-15.7.15.tgz 1515ms (cache miss)
2797 http fetch GET 200 https://registry.npmjs.org/react/-/react-18.3.1.tgz 1525ms (cache miss)
2798 http fetch GET 200 https://registry.npmjs.org/framer-motion/-/framer-motion-10.18.0.tgz 1556ms (cache miss)
2799 http fetch GET 200 https://registry.npmjs.org/eslint-plugin-react-refresh/-/eslint-plugin-react-refresh-0.4.24.tgz 1586ms (cache miss)
2800 http fetch GET 200 https://registry.npmjs.org/@types/react/-/react-18.3.27.tgz 1625ms (cache miss)
2801 http fetch GET 200 https://registry.npmjs.org/vite/-/vite-5.4.21.tgz 1633ms (cache miss)
2802 http fetch GET 200 https://registry.npmjs.org/@vitejs/plugin-react/-/plugin-react-4.7.0.tgz 1688ms (cache miss)
2803 http fetch GET 200 https://registry.npmjs.org/doctrine/-/doctrine-2.1.0.tgz 1707ms (cache miss)
2804 http fetch GET 200 https://registry.npmjs.org/@types/react-dom/-/react-dom-18.3.7.tgz 1718ms (cache miss)
2805 http fetch GET 200 https://registry.npmjs.org/esbuild 1398ms (cache miss)
2806 silly packumentCache corgi:https://registry.npmjs.org/esbuild set size:undefined disposed:false
2807 silly packumentCache corgi:https://registry.npmjs.org/vite cache-miss
2808 http fetch GET 200 https://registry.npmjs.org/eslint/-/eslint-8.57.1.tgz 1806ms (cache miss)
2809 warn deprecated eslint@8.57.1: This version is no longer supported. Please see https://eslint.org/version-support for other options.
2810 http fetch GET 200 https://registry.npmjs.org/eslint-plugin-react/-/eslint-plugin-react-7.37.5.tgz 1821ms (cache miss)
2811 http fetch GET 200 https://registry.npmjs.org/react-dom/-/react-dom-18.3.1.tgz 1855ms (cache miss)
2812 http fetch GET 200 https://registry.npmjs.org/vite 157ms (cache miss)
2813 silly packumentCache corgi:https://registry.npmjs.org/vite set size:undefined disposed:false
2814 silly packumentCache corgi:https://registry.npmjs.org/@vitejs%2fplugin-react cache-miss
2815 http fetch GET 200 https://registry.npmjs.org/@vitejs%2fplugin-react 64ms (cache miss)
2816 silly packumentCache corgi:https://registry.npmjs.org/@vitejs%2fplugin-react set size:undefined disposed:false
2817 http fetch GET 200 https://registry.npmjs.org/lucide-react/-/lucide-react-0.292.0.tgz 2128ms (cache miss)
2818 info run fsevents@2.3.3 install node_modules/fsevents node-gyp rebuild
2819 info run fsevents@2.3.3 install { code: 1, signal: null }
2820 verbose reify failed optional dependency /Users/greg/Documents/Programming/AmalfiGuide/node_modules/fsevents
2821 silly reify mark deleted [
2821 silly reify   '/Users/greg/Documents/Programming/AmalfiGuide/node_modules/fsevents'
2821 silly reify ]
2822 info run esbuild@0.21.5 postinstall node_modules/esbuild node install.js
2823 info run esbuild@0.21.5 postinstall { code: 0, signal: null }
2824 silly ADD node_modules/is-weakset
2825 silly ADD node_modules/is-weakmap
2826 silly ADD node_modules/is-map
2827 silly ADD node_modules/generator-function
2828 silly ADD node_modules/async-function
2829 silly ADD node_modules/which-collection
2830 silly ADD node_modules/is-generator-function
2831 silly ADD node_modules/is-finalizationregistry
2832 silly ADD node_modules/is-async-function
2833 silly ADD node_modules/is-number-object
2834 silly ADD node_modules/is-boolean-object
2835 silly ADD node_modules/is-bigint
2836 silly ADD node_modules/isexe
2837 silly ADD node_modules/@types/estree
2838 silly ADD node_modules/@rollup/rollup-darwin-arm64
2839 silly ADD node_modules/source-map-js
2840 silly ADD node_modules/nanoid
2841 silly ADD node_modules/@esbuild/darwin-arm64
2842 silly ADD node_modules/rollup
2843 silly ADD node_modules/postcss
2844 silly ADD
2845 silly ADD node_modules/esbuild
2846 silly ADD node_modules/punycode
2847 silly ADD node_modules/escalade
2848 silly ADD node_modules/which-boxed-primitive
2849 silly ADD node_modules/has-bigints
2850 silly ADD node_modules/which-builtin-type
2851 silly ADD node_modules/reflect.getprototypeof
2852 silly ADD node_modules/for-each
2853 silly ADD node_modules/has-flag
2854 silly ADD node_modules/ansi-regex
2855 silly ADD node_modules/side-channel-weakmap
2856 silly ADD node_modules/side-channel-map
2857 silly ADD node_modules/side-channel-list
2858 silly ADD node_modules/shebang-regex
2859 silly ADD node_modules/isarray
2860 silly ADD node_modules/queue-microtask
2861 silly ADD node_modules/wrappy
2862 silly ADD node_modules/path-is-absolute
2863 silly ADD node_modules/once
2864 silly ADD node_modules/inherits
2865 silly ADD node_modules/inflight
2866 silly ADD node_modules/fs.realpath
2867 silly ADD node_modules/glob
2868 silly ADD node_modules/supports-preserve-symlinks-flag
2869 silly ADD node_modules/path-parse
2870 silly ADD node_modules/is-core-module
2871 silly ADD node_modules/scheduler
2872 silly ADD node_modules/react-is
2873 silly ADD node_modules/object-assign
2874 silly ADD node_modules/loose-envify
2875 silly ADD node_modules/callsites
2876 silly ADD node_modules/yocto-queue
2877 silly ADD node_modules/p-limit
2878 silly ADD node_modules/word-wrap
2879 silly ADD node_modules/fast-levenshtein
2880 silly ADD node_modules/deep-is
2881 silly ADD node_modules/concat-map
2882 silly ADD node_modules/balanced-match
2883 silly ADD node_modules/brace-expansion
2884 silly ADD node_modules/yallist
2885 silly ADD node_modules/p-locate
2886 silly ADD node_modules/type-check
2887 silly ADD node_modules/prelude-ls
2888 silly ADD node_modules/json-buffer
2889 silly ADD node_modules/array.prototype.flat
2890 silly ADD node_modules/argparse
2891 silly ADD node_modules/set-function-name
2892 silly ADD node_modules/is-extglob
2893 silly ADD node_modules/side-channel
2894 silly ADD node_modules/resolve-from
2895 silly ADD node_modules/parent-module
2896 silly ADD node_modules/type-fest
2897 silly ADD node_modules/dunder-proto
2898 silly ADD node_modules/functions-have-names
2899 silly ADD node_modules/@emotion/memoize
2900 silly ADD node_modules/tslib
2901 silly ADD node_modules/@emotion/is-prop-valid
2902 silly ADD node_modules/rimraf
2903 silly ADD node_modules/keyv
2904 silly ADD node_modules/flatted
2905 silly ADD node_modules/path-exists
2906 silly ADD node_modules/locate-path
2907 silly ADD node_modules/flat-cache
2908 silly ADD node_modules/reusify
2909 silly ADD node_modules/acorn-jsx
2910 silly ADD node_modules/acorn
2911 silly ADD node_modules/esrecurse
2912 silly ADD node_modules/is-symbol
2913 silly ADD node_modules/is-date-object
2914 silly ADD node_modules/has-tostringtag
2915 silly ADD node_modules/iterator.prototype
2916 silly ADD node_modules/possible-typed-array-names
2917 silly ADD node_modules/which-typed-array
2918 silly ADD node_modules/unbox-primitive
2919 silly ADD node_modules/typed-array-length
2920 silly ADD node_modules/typed-array-byte-offset
2921 silly ADD node_modules/typed-array-byte-length
2922 silly ADD node_modules/typed-array-buffer
2923 silly ADD node_modules/string.prototype.trimstart
2924 silly ADD node_modules/string.prototype.trimend
2925 silly ADD node_modules/string.prototype.trim
2926 silly ADD node_modules/stop-iteration-iterator
2927 silly ADD node_modules/set-proto
2928 silly ADD node_modules/safe-regex-test
2929 silly ADD node_modules/safe-push-apply
2930 silly ADD node_modules/safe-array-concat
2931 silly ADD node_modules/regexp.prototype.flags
2932 silly ADD node_modules/own-keys
2933 silly ADD node_modules/object.assign
2934 silly ADD node_modules/object-inspect
2935 silly ADD node_modules/is-weakref
2936 silly ADD node_modules/is-typed-array
2937 silly ADD node_modules/is-shared-array-buffer
2938 silly ADD node_modules/is-set
2939 silly ADD node_modules/is-regex
2940 silly ADD node_modules/is-negative-zero
2941 silly ADD node_modules/is-data-view
2942 silly ADD node_modules/is-callable
2943 silly ADD node_modules/is-array-buffer
2944 silly ADD node_modules/internal-slot
2945 silly ADD node_modules/has-symbols
2946 silly ADD node_modules/has-proto
2947 silly ADD node_modules/globalthis
2948 silly ADD node_modules/get-symbol-description
2949 silly ADD node_modules/get-proto
2950 silly ADD node_modules/function.prototype.name
2951 silly ADD node_modules/es-to-primitive
2952 silly ADD node_modules/es-set-tostringtag
2953 silly ADD node_modules/data-view-byte-offset
2954 silly ADD node_modules/data-view-byte-length
2955 silly ADD node_modules/data-view-buffer
2956 silly ADD node_modules/available-typed-arrays
2957 silly ADD node_modules/arraybuffer.prototype.slice
2958 silly ADD node_modules/array-buffer-byte-length
2959 silly ADD node_modules/gopd
2960 silly ADD node_modules/object-keys
2961 silly ADD node_modules/has-property-descriptors
2962 silly ADD node_modules/define-data-property
2963 silly ADD node_modules/function-bind
2964 silly ADD node_modules/set-function-length
2965 silly ADD node_modules/es-define-property
2966 silly ADD node_modules/call-bind-apply-helpers
2967 silly ADD node_modules/es-shim-unscopables
2968 silly ADD node_modules/es-errors
2969 silly ADD node_modules/math-intrinsics
2970 silly ADD node_modules/is-string
2971 silly ADD node_modules/get-intrinsic
2972 silly ADD node_modules/es-object-atoms
2973 silly ADD node_modules/es-abstract
2974 silly ADD node_modules/define-properties
2975 silly ADD node_modules/call-bound
2976 silly ADD node_modules/call-bind
2977 silly ADD node_modules/string.prototype.repeat
2978 silly ADD node_modules/string.prototype.matchall
2979 silly ADD node_modules/resolve
2980 silly ADD node_modules/prop-types
2981 silly ADD node_modules/object.values
2982 silly ADD node_modules/object.fromentries
2983 silly ADD node_modules/object.entries
2984 silly ADD node_modules/jsx-ast-utils
2985 silly ADD node_modules/hasown
2986 silly ADD node_modules/estraverse
2987 silly ADD node_modules/es-iterator-helpers
2988 silly ADD node_modules/array.prototype.tosorted
2989 silly ADD node_modules/array.prototype.flatmap
2990 silly ADD node_modules/array.prototype.findlast
2991 silly ADD node_modules/array-includes
2992 silly ADD node_modules/which
2993 silly ADD node_modules/shebang-command
2994 silly ADD node_modules/path-key
2995 silly ADD node_modules/color-name
2996 silly ADD node_modules/color-convert
2997 silly ADD node_modules/supports-color
2998 silly ADD node_modules/ansi-styles
2999 silly ADD node_modules/uri-js
3000 silly ADD node_modules/json-schema-traverse
3001 silly ADD node_modules/fast-json-stable-stringify
3002 silly ADD node_modules/run-parallel
3003 silly ADD node_modules/@nodelib/fs.stat
3004 silly ADD node_modules/fastq
3005 silly ADD node_modules/@nodelib/fs.scandir
3006 silly ADD node_modules/@humanwhocodes/object-schema
3007 silly ADD node_modules/strip-json-comments
3008 silly ADD node_modules/import-fresh
3009 silly ADD node_modules/text-table
3010 silly ADD node_modules/strip-ansi
3011 silly ADD node_modules/optionator
3012 silly ADD node_modules/natural-compare
3013 silly ADD node_modules/minimatch
3014 silly ADD node_modules/lodash.merge
3015 silly ADD node_modules/levn
3016 silly ADD node_modules/json-stable-stringify-without-jsonify
3017 silly ADD node_modules/js-yaml
3018 silly ADD node_modules/is-path-inside
3019 silly ADD node_modules/is-glob
3020 silly ADD node_modules/imurmurhash
3021 silly ADD node_modules/ignore
3022 silly ADD node_modules/graphemer
3023 silly ADD node_modules/globals
3024 silly ADD node_modules/glob-parent
3025 silly ADD node_modules/find-up
3026 silly ADD node_modules/file-entry-cache
3027 silly ADD node_modules/fast-deep-equal
3028 silly ADD node_modules/esutils
3029 silly ADD node_modules/esquery
3030 silly ADD node_modules/espree
3031 silly ADD node_modules/eslint-visitor-keys
3032 silly ADD node_modules/eslint-scope
3033 silly ADD node_modules/escape-string-regexp
3034 silly ADD node_modules/doctrine
3035 silly ADD node_modules/cross-spawn
3036 silly ADD node_modules/chalk
3037 silly ADD node_modules/ajv
3038 silly ADD node_modules/@ungap/structured-clone
3039 silly ADD node_modules/@nodelib/fs.walk
3040 silly ADD node_modules/@humanwhocodes/module-importer
3041 silly ADD node_modules/@humanwhocodes/config-array
3042 silly ADD node_modules/@eslint/js
3043 silly ADD node_modules/@eslint/eslintrc
3044 silly ADD node_modules/@eslint-community/regexpp
3045 silly ADD node_modules/@eslint-community/eslint-utils
3046 silly ADD node_modules/ms
3047 silly ADD node_modules/update-browserslist-db
3048 silly ADD node_modules/node-releases
3049 silly ADD node_modules/electron-to-chromium
3050 silly ADD node_modules/caniuse-lite
3051 silly ADD node_modules/baseline-browser-mapping
3052 silly ADD node_modules/@types/babel__traverse
3053 silly ADD node_modules/@types/babel__template
3054 silly ADD node_modules/@types/babel__generator
3055 silly ADD node_modules/@jridgewell/resolve-uri
3056 silly ADD node_modules/@jridgewell/sourcemap-codec
3057 silly ADD node_modules/@babel/helper-string-parser
3058 silly ADD node_modules/@babel/helper-globals
3059 silly ADD node_modules/@babel/helper-plugin-utils
3060 silly ADD node_modules/@babel/helper-module-imports
3061 silly ADD node_modules/lru-cache
3062 silly ADD node_modules/browserslist
3063 silly ADD node_modules/@babel/helper-validator-option
3064 silly ADD node_modules/@babel/compat-data
3065 silly ADD node_modules/jsesc
3066 silly ADD node_modules/@jridgewell/trace-mapping
3067 silly ADD node_modules/@jridgewell/gen-mapping
3068 silly ADD node_modules/picocolors
3069 silly ADD node_modules/js-tokens
3070 silly ADD node_modules/@babel/helper-validator-identifier
3071 silly ADD node_modules/semver
3072 silly ADD node_modules/json5
3073 silly ADD node_modules/gensync
3074 silly ADD node_modules/debug
3075 silly ADD node_modules/convert-source-map
3076 silly ADD node_modules/@jridgewell/remapping
3077 silly ADD node_modules/@babel/types
3078 silly ADD node_modules/@babel/traverse
3079 silly ADD node_modules/@babel/template
3080 silly ADD node_modules/@babel/parser
3081 silly ADD node_modules/@babel/helpers
3082 silly ADD node_modules/@babel/helper-module-transforms
3083 silly ADD node_modules/@babel/helper-compilation-targets
3084 silly ADD node_modules/@babel/generator
3085 silly ADD node_modules/@babel/code-frame
3086 silly ADD node_modules/react-refresh
3087 silly ADD node_modules/@types/babel__core
3088 silly ADD node_modules/@rolldown/pluginutils
3089 silly ADD node_modules/@babel/plugin-transform-react-jsx-source
3090 silly ADD node_modules/@babel/plugin-transform-react-jsx-self
3091 silly ADD node_modules/@babel/core
3092 silly ADD node_modules/csstype
3093 silly ADD node_modules/@types/prop-types
3094 silly ADD node_modules/react-dom
3095 silly ADD node_modules/react
3096 silly ADD node_modules/lucide-react
3097 silly ADD node_modules/framer-motion
3098 silly ADD node_modules/eslint-plugin-react-refresh
3099 silly ADD node_modules/eslint-plugin-react-hooks
3100 silly ADD node_modules/eslint-plugin-react
3101 silly ADD node_modules/eslint-plugin-react/node_modules/doctrine
3102 silly ADD node_modules/eslint
3103 silly ADD node_modules/vite
3104 silly ADD node_modules/@vitejs/plugin-react
3105 silly ADD node_modules/@types/react-dom
3106 silly ADD node_modules/@types/react
3107 verbose cwd /Users/greg/Documents/Programming/AmalfiGuide
3108 verbose os Darwin 25.1.0
3109 verbose node v25.2.1
3110 verbose npm  v11.6.2
3111 notice
3111 notice New [36mpatch[39m version of npm available! [36m11.6.2[39m -> [34m11.6.3[39m
3111 notice Changelog: [34mhttps://github.com/npm/cli/releases/tag/v11.6.3[39m
3111 notice To update run: [4mnpm install -g npm@11.6.3[24m
3111 notice  { force: true, Symbol(proc-log.meta): true }
3112 verbose exit 0
3113 info ok
